Age (Years),Reported Height (cm),Reported Weight (kg),Shoe Size NL,shape,ratio,Inverted Triangle,Rectangle,Triangle,Weight (kg)
18.5,183,69,41,Rectangle,1.115671642,0,1,0,65.4
33,187,83,43,Inverted Triangle,1.194285714,1,0,0,85.2
41,182,85,43,Inverted Triangle,1.241420118,1,0,0,80.9
35,195,110,47,Rectangle,1.112962963,0,1,0,112.9
21.9,177,57,43,Inverted Triangle,1.177070064,1,0,0,56.6
23.8,175,85,43,Inverted Triangle,1.188811189,1,0,0,82.6
36.4,168,66,40,Inverted Triangle,1.204804046,1,0,0,65.5
44.2,171,82,41,Rectangle,1.111111111,0,1,0,81.8
43,185,69,44,Triangle,1.085846868,0,0,1,71
20,187,77,43,Rectangle,1.160479042,0,1,0,77
20.2,175,56,41.5,Inverted Triangle,1.250368189,1,0,0,53.2
29,175,80,41,Rectangle,1.116461366,0,1,0,81.6
39,198,90,45,Triangle,1.094580234,0,0,1,90
45,180,70,41,Rectangle,1.142150803,0,1,0,68
22.7,163,55,39,Inverted Triangle,1.239189189,1,0,0,59
23,196,102.7,46,Triangle,1.081053698,0,0,1,102.8
18.8,165,63,40.5,Inverted Triangle,1.234013605,1,0,0,61.9
35,173,69,40,Rectangle,1.160138249,0,1,0,69
32,180,81,42,Inverted Triangle,1.214788732,1,0,0,80
22.2,186,66,42.5,Inverted Triangle,1.275510204,1,0,0,63.8
45.1,170,68,41,Triangle,1.06015891,0,0,1,70.8
28,170,70,42,Inverted Triangle,1.223602484,1,0,0,70.5
54.5,172,74,41.5,Triangle,1.092427617,0,0,1,74.4
22.4,180,69,39.5,Inverted Triangle,1.213157895,1,0,0,68.6
30,182,77,44,Inverted Triangle,1.214716526,1,0,0,75.5
30,185,78,43,Rectangle,1.157384988,0,1,0,75.5
34,182,85,42,Inverted Triangle,1.181043663,1,0,0,86.3
39.4,170,78,42,Inverted Triangle,1.248853211,1,0,0,81
25,178,62,42,Rectangle,1.142380423,0,1,0,78.8
20,186,66,42.5,Rectangle,1.141570142,0,1,0,63.6
29.6,176,60,41,Rectangle,1.166002656,0,1,0,59.6
29.4,177,80,40,Triangle,1.079868709,0,0,1,80
19.6,185,85,43.5,Inverted Triangle,1.201111111,1,0,0,86.5
20.5,169,66,43,Rectangle,1.161048689,0,1,0,67.4
23,185,83,45,Inverted Triangle,1.273045508,1,0,0,83.6
19.8,175,70,42.5,Inverted Triangle,1.179802956,1,0,0,69.9
47,180,90,42,Rectangle,1.163793103,0,1,0,89.9
23,186,70,44,Inverted Triangle,1.20754717,1,0,0,70.5
23.7,186,75,43.5,Inverted Triangle,1.295828066,1,0,0,72.2
38,188,105,46,Triangle,1.079737336,0,0,1,107
19,180,76,43,Rectangle,1.128961749,0,1,0,78.4
22.6,170,60,42,Inverted Triangle,1.20794702,1,0,0,59
33,175,80,42,Triangle,1.095341278,0,0,1,82.7
24,180,85,41,Inverted Triangle,1.21386604,1,0,0,86.7
24.8,177,75,43,Inverted Triangle,1.190184049,1,0,0,77.5
39,175,69,43,Inverted Triangle,1.186548223,1,0,0,65.4
61,187,110,44,Triangle,1.041785375,0,0,1,98.2
54,181,81,43,Triangle,1.033402923,0,0,1,81.2
29,193,77,45,Inverted Triangle,1.340053763,1,0,0,72.8
23.1,179,64,41.5,Rectangle,1.137279597,0,1,0,64
24.3,168,60,41,Inverted Triangle,1.259208731,1,0,0,60.2
48,191,98,43,Inverted Triangle,1.211252654,1,0,0,98.9
46,179,78,43,Rectangle,1.142857143,0,1,0,77.1
18.5,173,71,43,Inverted Triangle,1.307888041,1,0,0,69.4
23.5,180,66.3,42.5,Inverted Triangle,1.222222222,1,0,0,66.3
22.6,177,67,42.5,Inverted Triangle,1.188986233,1,0,0,68.4
19.5,170,60,42.5,Rectangle,1.125156446,0,1,0,63.8
53,183,70,43,Inverted Triangle,1.171355499,1,0,0,68.8
40,203,80,47.5,Triangle,0.998951782,0,0,1,81.9
40,180,96,43,Triangle,1.08249497,0,0,1,90
27.5,180,80,43,Inverted Triangle,1.171192444,1,0,0,79.7
24,184,70,44,Rectangle,1.158808933,0,1,0,66.5
27.1,173,71,42.5,Inverted Triangle,1.220731707,1,0,0,70.9
26.3,182,83,42.5,Inverted Triangle,1.311960543,1,0,0,81.2
22.4,167,59,39,Inverted Triangle,1.230352304,1,0,0,58.6
26,173,70,42,Inverted Triangle,1.210656753,1,0,0,69.4
56,189,81,44,Rectangle,1.123333333,0,1,0,82.4
27.3,176,63,42,Inverted Triangle,1.203703704,1,0,0,63.5
47,169,102,41,Rectangle,1.131526104,0,1,0,101.3
30,188,88,46,Rectangle,1.12244898,0,1,0,89.3
19,195,85,46,Triangle,1.091295117,0,0,1,89.5
53,190,82,44,Rectangle,1.113207547,0,1,0,84.2
45,185,104,43.5,Triangle,1.062030075,0,0,1,101
57,186,87,43,Triangle,1.071578947,0,0,1,83.9
20.4,174,71,42,Inverted Triangle,1.174904943,1,0,0,64.9
23.4,182,71,42,Inverted Triangle,1.232077764,1,0,0,71.6
22,180,60,42,Inverted Triangle,1.248901903,1,0,0,57
38,182,81,42,Rectangle,1.140659341,0,1,0,80.9
21.2,170,68,42,Triangle,1.092592593,0,0,1,67.9
37,203,85,46,Triangle,1.074074074,0,0,1,87
50,171,68,41,Inverted Triangle,1.197530864,1,0,0,68.4
19.7,176,60,43,Rectangle,1.12173913,0,1,0,67.5
21.9,174,68,40,Rectangle,1.140947752,0,1,0,66.6
27,189,85,42,Rectangle,1.152993348,0,1,0,85
50,173,90,43,Triangle,1.068391867,0,0,1,98.8
40,203,115,46,Triangle,1.108803165,0,0,1,110.3
19.2,170,56,41,Triangle,1.109660574,0,0,1,58.2
20,178,78,43,Rectangle,1.124418605,0,1,0,76.7
23.7,170,70,41,Inverted Triangle,1.265903308,1,0,0,71.7
22.7,175,58,43,Triangle,1.099075297,0,0,1,50.2
26.3,173,65,43.5,Inverted Triangle,1.265333333,1,0,0,66
35.8,173,90,43,Triangle,1.083248731,0,0,1,89.7
59.5,174,70,41.5,Triangle,1.098285714,0,0,1,69.4
28,175,82,42,Rectangle,1.153163152,0,1,0,79.6
21.7,180,85,42.5,Triangle,1.094240838,0,0,1,87.2
24.2,170,61,40.5,Rectangle,1.15503876,0,1,0,62.9
43,184,102,43,Triangle,1.061669829,0,0,1,105
18.5,175,60,42,Rectangle,1.165562914,0,1,0,63.7
43,178,70,43,Rectangle,1.114025086,0,1,0,85.7
39,190,98,45,Rectangle,1.139130435,0,1,0,97.8
27,182,80,42,Inverted Triangle,1.212716763,1,0,0,80.9
38,195,85,43,Inverted Triangle,1.188967136,1,0,0,82.6
31,202,140,49,Triangle,0.957244656,0,0,1,141
48,183,72,43,Rectangle,1.123384254,0,1,0,75.9
28,178,72,42,Rectangle,1.146107784,0,1,0,69.8
22,176,64,43,Inverted Triangle,1.17847769,1,0,0,65.6
20.8,176,78,43.5,Rectangle,1.152793615,0,1,0,75
22,190,78,45,Rectangle,1.114832536,0,1,0,75
28.9,174,84,40.5,Triangle,1.101358412,0,0,1,86.8
59,172,80,41,Triangle,1.07358871,0,0,1,83.5
25,190,75,43.5,Rectangle,1.166073547,0,1,0,74.8
38.9,174,80,42,Inverted Triangle,1.294258373,1,0,0,81.3
23,179,72,44,Inverted Triangle,1.195026178,1,0,0,68.9
18,186,69,46,Rectangle,1.151291513,0,1,0,69.5
24,176,78,42,Inverted Triangle,1.18997669,1,0,0,79
18.1,171,65,41.5,Inverted Triangle,1.182278481,1,0,0,65.6
29,179,72,42,Rectangle,1.15613826,0,1,0,72.5
24,196,90,47,Triangle,1.085963003,0,0,1,86.2
36,190,90,44,Rectangle,1.124056095,0,1,0,91.7
46,168,78,42,Rectangle,1.137820513,0,1,0,83.3
30.8,175,68,42,Triangle,1.090069284,0,0,1,67.7
46,186,80,45,Rectangle,1.127784291,0,1,0,79
27,178,74,43,Rectangle,1.165865385,0,1,0,74.5
24.1,173,67,42,Inverted Triangle,1.202531646,1,0,0,64.7
45,190,105,46,Triangle,1.055762082,0,0,1,110.9
24.4,174,86,43.5,Inverted Triangle,1.233333333,1,0,0,88
38,178,76,41.5,Rectangle,1.167792793,0,1,0,77
44,176,70,41,Triangle,1.069741282,0,0,1,70.6
61,184,82,43,Triangle,1.092243187,0,0,1,82.6
24.4,172,68,43,Rectangle,1.151552795,0,1,0,65.2
20,174,65,41.5,Inverted Triangle,1.292349727,1,0,0,59.8
30,182,77,43,Inverted Triangle,1.242424242,1,0,0,80.7
40.4,170,80,41.5,Triangle,1.065843621,0,0,1,82.3
23.8,169,58,41,Inverted Triangle,1.211171662,1,0,0,57
18.9,185,68,43,Triangle,1.107540173,0,0,1,66.7
21,192,84,44,Rectangle,1.159598214,0,1,0,85.1
37.8,170,70,41,Inverted Triangle,1.175757576,1,0,0,70.1
25,182,65,41.5,Inverted Triangle,1.184576485,1,0,0,61.9
46,191,78,45,Triangle,1.074679113,0,0,1,77.2
32.1,174,78,42,Rectangle,1.122146119,0,1,0,74.5
36.7,174,75,39,Triangle,1.095454545,0,0,1,73.2
28.4,180,85,43,Rectangle,1.131729668,0,1,0,78.8
18.2,172,56,42,Rectangle,1.151633987,0,1,0,59.3
23,182,66,43.5,Inverted Triangle,1.191463415,1,0,0,67.1
19,185,70,44,Triangle,1.083892617,0,0,1,67
24,169,65,41,Inverted Triangle,1.187910644,1,0,0,65.7
33,176,70,42,Rectangle,1.130588235,0,1,0,67.8
27.8,173,68,39.5,Inverted Triangle,1.198055893,1,0,0,71.2
41.7,172,77,41.5,Triangle,1.08751334,0,0,1,76.4
20.6,170,63,42,Inverted Triangle,1.177333333,1,0,0,60.1
35,182,100,42,Triangle,1.096742349,0,0,1,104.5
27,181,70,42,Triangle,1.106508876,0,0,1,66.9
56.4,162,62,42,Inverted Triangle,1.188369153,1,0,0,63.5
35.2,170,62,39,Inverted Triangle,1.191744341,1,0,0,62.1
25.3,179,85,42.5,Rectangle,1.154594595,0,1,0,83.9
56.9,176,80,43.5,Inverted Triangle,1.202209945,1,0,0,80.5
31.2,180,72,43,Inverted Triangle,1.208661417,1,0,0,71.4
20.8,165,62,41,Rectangle,1.167493797,0,1,0,65.8
34,180,71,45,Rectangle,1.128205128,0,1,0,68.7
23,185,85,45,Triangle,1.088172043,0,0,1,88.2
60,163,65,40,Triangle,1.062975027,0,0,1,68.5
18,195,83,46,Triangle,1.103762828,0,0,1,80.7
20,173,65,41,Rectangle,1.157615894,0,1,0,60.2
64.3,180,81,43.5,Rectangle,1.162971175,0,1,0,82.6
26.4,170,70,41,Rectangle,1.140534262,0,1,0,65.6
23.4,180,67,42,Inverted Triangle,1.273209549,1,0,0,62.8
42,179.5,85,43,Rectangle,1.166304348,0,1,0,80.3
36.5,186,82,42,Inverted Triangle,1.189189189,1,0,0,81.1
27,198,76,49,Rectangle,1.168380463,0,1,0,74.5
20.6,174,70,42.5,Inverted Triangle,1.170160296,1,0,0,70.5
52,172,89,42,Triangle,1.064192578,0,0,1,91.3
43.6,170,73,43,Triangle,1.055614973,0,0,1,74.1
49,187,87,43,Rectangle,1.144086022,0,1,0,89
26.2,178,78,42,Inverted Triangle,1.203428571,1,0,0,78.5
20.7,180,75,42,Triangle,1.093181818,0,0,1,78
19.7,180,66,42.5,Inverted Triangle,1.217105263,1,0,0,60
19.8,176,76,43,Rectangle,1.124145786,0,1,0,78.5
59.6,175,70,42,Triangle,0.995833333,0,0,1,76.5
38,170,71,41,Inverted Triangle,1.363031915,1,0,0,70.5
21,175,50,40,Inverted Triangle,1.228739003,1,0,0,48.2
17.5,181,69,39,Rectangle,1.12414734,0,1,0,55.9
58.1,166,79,42,Triangle,1.063959391,0,0,1,77.7
24,175,60,42,Inverted Triangle,1.228687415,1,0,0,61.3
31,190,83,44,Rectangle,1.113585746,0,1,0,84.3
36,197,105,46,Triangle,1.052820054,0,0,1,115.9
62,175,79,46,Triangle,1.034700315,0,0,1,79.5
29,182,63,42,Inverted Triangle,1.276089828,1,0,0,64.4
59,172,83,42,Inverted Triangle,1.180084746,1,0,0,83.9
30,192,94,45,Triangle,1.019398642,0,0,1,95.6
19,187,80,46,Inverted Triangle,1.224664225,1,0,0,78
41,188,82,43,Inverted Triangle,1.171270718,1,0,0,80.2
30,175,63,42,Inverted Triangle,1.202304738,1,0,0,61.5
40.2,175,86,43,Rectangle,1.121748179,0,1,0,88.3
34.7,165,59,40.5,Rectangle,1.133995037,0,1,0,58.7
26.7,173,73,41,Triangle,1.085380117,0,0,1,71.9
19,196,87,46,Inverted Triangle,1.191990577,1,0,0,87.4
50,163,70,41,Inverted Triangle,1.223529412,1,0,0,70.1
30,187,80,42,Triangle,0.996963563,0,0,1,82.6
19.2,172,62,42,Inverted Triangle,1.199460916,1,0,0,61.1
33,180,88,42,Triangle,1.039175258,0,0,1,87.6
27,187,80,42.5,Triangle,1.102923977,0,0,1,75
47,195,94,43,Rectangle,1.151287554,0,1,0,93.8
41,178,87,42,Rectangle,1.152614728,0,1,0,90.1
56,165,98,43,Triangle,0.991364421,0,0,1,101.8
24,180,66,43,Triangle,1.025287356,0,0,1,67
21.5,180,70,43,Triangle,1.09512761,0,0,1,70
29,170,64,41.5,Rectangle,1.163682864,0,1,0,64.1
44.2,168,60,40.5,Rectangle,1.116104869,0,1,0,62.1
19,185,65,44,Inverted Triangle,1.189226519,1,0,0,61.4
18.3,160,54,41,Inverted Triangle,1.213276836,1,0,0,50.8
59,176,80,42,Rectangle,1.150655022,0,1,0,82.9
50,200,98,47,Triangle,1.034782609,0,0,1,99.6
24.4,169,72,43,Inverted Triangle,1.246341463,1,0,0,72.1
33.8,175,71,42,Rectangle,1.120958084,0,1,0,70.1
26.3,187,68,43,Rectangle,1.163424125,0,1,0,68.7
21,197,95,46,Triangle,1.078812692,0,0,1,93.6
56,187,82,44,Rectangle,1.133182844,0,1,0,82.7
30.5,172,72,41,Inverted Triangle,1.170702179,1,0,0,71.5
49.7,175,91,42,Triangle,1.037284895,0,0,1,90.3
35,185,72,43.5,Triangle,1.0591133,0,0,1,69.6
48,183,79,43,Rectangle,1.121767241,0,1,0,81
18.8,175,72,42.5,Inverted Triangle,1.236872812,1,0,0,76
47,176,86,42.5,Triangle,1.105759162,0,0,1,88.8
59,178,80,45,Rectangle,1.128854626,0,1,0,79.5
25,170,55,40,Triangle,1.105898123,0,0,1,53.6
52.5,168,82,40,Triangle,1.052631579,0,0,1,80.6
24,183,90,43,Rectangle,1.128151261,0,1,0,91.9
19.8,168,56,42,Inverted Triangle,1.246630728,1,0,0,57.7
40,186,120,46,Rectangle,1.128942486,0,1,0,122.1
26,200,92,47,Inverted Triangle,1.215189873,1,0,0,90
46.7,175,72,43,Triangle,1.097862767,0,0,1,75.3
31.9,168,80,40.5,Triangle,1.088172043,0,0,1,81.4
20,173,73,41.5,Rectangle,1.162361624,0,1,0,72.3
27,183,74,41,Inverted Triangle,1.171358629,1,0,0,73.5
38,186,76,41.5,Inverted Triangle,1.177725118,1,0,0,76
38,190,65,46,Rectangle,1.124378109,0,1,0,64.4
26.9,180,70,42,Inverted Triangle,1.235677083,1,0,0,64.5
32.6,173,80,43,Inverted Triangle,1.255482456,1,0,0,80.9
36.8,180,80,42,Triangle,1.08988764,0,0,1,79.6
55,167,105,43,Triangle,1.038596491,0,0,1,106.9
25.9,176,65,41.5,Inverted Triangle,1.268260292,1,0,0,65.1
20,184,88,44,Inverted Triangle,1.241860465,1,0,0,85
40.5,180,80,41,Inverted Triangle,1.211448598,1,0,0,77.6
50,187,78,44,Rectangle,1.137168142,0,1,0,82.5
18.2,179,69,42,Rectangle,1.167073171,0,1,0,69
43.8,173,77,42,Rectangle,1.128668172,0,1,0,77.2
20,176,68,42,Inverted Triangle,1.205804749,1,0,0,68
21.3,173,65,40,Inverted Triangle,1.187421384,1,0,0,67.2
29,183,71,42,Rectangle,1.140091116,0,1,0,67.9
35.6,173,63,40,Rectangle,1.137844612,0,1,0,62.6
28.8,171,59,39,Triangle,1.097378277,0,0,1,56.9
30,182,85,42.5,Rectangle,1.12605042,0,1,0,95.5
39,186,75,43,Rectangle,1.134857143,0,1,0,77.9
20.3,179,72,43.5,Inverted Triangle,1.202007528,1,0,0,72.9
38,176,63,41,Triangle,1.083535109,0,0,1,64.4
25.9,174,67,42.5,Rectangle,1.156626506,0,1,0,69.2
18.8,177,62,43.5,Inverted Triangle,1.255172414,1,0,0,60.4
36.6,169,63,39,Inverted Triangle,1.218346253,1,0,0,61.2
28,168,61,40,Inverted Triangle,1.229619565,1,0,0,58.1
20.3,170,66,41,Rectangle,1.1352657,0,1,0,63.9
18.5,178,67,42,Inverted Triangle,1.177631579,1,0,0,67.8
47,193,90,46,Triangle,1.023373984,0,0,1,93
51,186,92.5,44,Triangle,1.016330451,0,0,1,92.8
42,185,91,44,Triangle,1.049682875,0,0,1,90.6
20,175,60,41,Rectangle,1.161953728,0,1,0,63.6
38.1,175,80,40.5,Triangle,1.038541667,0,0,1,81.5
27,188,83,43,Rectangle,1.133105802,0,1,0,82
31.9,171,71.5,40.5,Rectangle,1.160240964,0,1,0,71.3
19,183,84,44,Rectangle,1.117127072,0,1,0,85.4
31,180,84,43,Inverted Triangle,1.176719577,1,0,0,86.4
20,180,70,43,Rectangle,1.14764268,0,1,0,69.4
25.8,162,52,40,Inverted Triangle,1.287022901,1,0,0,53.2
19.1,175,63,41.5,Rectangle,1.132903226,0,1,0,65.4
23,191,92,43,Triangle,1.064550265,0,0,1,92.8
21,181,89,42,Inverted Triangle,1.1875,1,0,0,88
59.5,170,69.5,42,Rectangle,1.168846611,0,1,0,69.7
20,188,80,44,Inverted Triangle,1.178403756,1,0,0,82
34,205,100,47,Inverted Triangle,1.280373832,1,0,0,93
23.9,177,65,43,Inverted Triangle,1.230769231,1,0,0,64.1
28.3,170,62,41,Rectangle,1.139705882,0,1,0,59.8
22.4,173,60,42,Rectangle,1.156735751,0,1,0,59.5
23,177,58,41,Inverted Triangle,1.206578947,1,0,0,61.5
19,187,72,47,Inverted Triangle,1.200782269,1,0,0,75
60.4,169,77,42,Rectangle,1.11190234,0,1,0,79.3
41,172,71,42,Inverted Triangle,1.234146341,1,0,0,70.5
20.9,185,85,43.5,Rectangle,1.113561191,0,1,0,87.4
29,195,116,46,Rectangle,1.122350674,0,1,0,112
18,190,75,44.5,Rectangle,1.166666667,0,1,0,74.5
40,199,117,45,Triangle,1.086592179,0,0,1,116.8
52,192,91,45,Triangle,1.104100946,0,0,1,91.6
55,182,73,42,Inverted Triangle,1.234474018,1,0,0,71.5
33,179,77,42,Triangle,1.104377104,0,0,1,77.9
27.9,170,59,42,Inverted Triangle,1.305916306,1,0,0,54.3
21,183,74,43,Rectangle,1.133168927,0,1,0,72.2
56.4,175,97,43,Triangle,1.03950104,0,0,1,93.6
57,183,96,44,Triangle,1.097922849,0,0,1,96.9
23,174,69,43,Inverted Triangle,1.201044386,1,0,0,67.5
32,186,75,45,Triangle,1.100238663,0,0,1,77.3
56.7,178,82,42.5,Rectangle,1.114583333,0,1,0,80.6
24.7,172,69,41,Rectangle,1.153846154,0,1,0,70
33,184,134,45,Triangle,1.054918033,0,0,1,143.4
26.3,178,72,43.5,Rectangle,1.165847666,0,1,0,72
32.3,173,79,41,Inverted Triangle,1.18438914,1,0,0,78.7
23,192,105,45,Triangle,1.005617978,0,0,1,109.9
43.1,169,72,40,Inverted Triangle,1.213603819,1,0,0,73.8
46.2,175,68,42.5,Inverted Triangle,1.176761434,1,0,0,68.2
19,196,85,46,Triangle,0.991836735,0,0,1,99.4
39,168,67,42,Triangle,1.021881838,0,0,1,68
25.4,170,69,41,Inverted Triangle,1.22745098,1,0,0,67.3
41,175,78,41,Triangle,1.084639498,0,0,1,86.4
33,180,78,42,Triangle,1.103057758,0,0,1,79.4
21,178,68,42,Rectangle,1.161407767,0,1,0,73
32.1,180,91,43,Triangle,1.076374745,0,0,1,94.3
25,186,77,44,Inverted Triangle,1.213157895,1,0,0,75.1
44.1,175,70,42,Rectangle,1.142857143,0,1,0,60.6
35.1,166,61,40,Inverted Triangle,1.2734375,1,0,0,60.2
32.4,172,73,41,Rectangle,1.165060241,0,1,0,74.8
27,200,100,46,Inverted Triangle,1.209694415,1,0,0,96
47.8,169,68,41,Inverted Triangle,1.242424242,1,0,0,69.7
33.7,174,74,42.5,Inverted Triangle,1.210588235,1,0,0,74.4
25.3,173,67,42,Inverted Triangle,1.22007722,1,0,0,65.8
18.4,175,70,42,Inverted Triangle,1.219543147,1,0,0,65.5
18.2,182,75,42,Rectangle,1.168164313,0,1,0,66.1
25.5,180,85,43,Rectangle,1.166477916,0,1,0,85.1
19.4,170,65,40.5,Inverted Triangle,1.17408377,1,0,0,64.7
46,183,86,43,Triangle,1.043521266,0,0,1,87.2
25.8,178,74,41,Rectangle,1.143026005,0,1,0,75.2
44,195,110,47,Triangle,1.038669065,0,0,1,107
32.3,172,71,41,Inverted Triangle,1.19047619,1,0,0,72
32,191,88,43,Rectangle,1.115541922,0,1,0,89.9
32,184,100,45,Inverted Triangle,1.312572088,1,0,0,98.3
18,189,78,46,Rectangle,1.155339806,0,1,0,77.5
46,173,75,41,Triangle,1.100750268,0,0,1,78.5
18,186,67,41,Inverted Triangle,1.255689424,1,0,0,69.3
24,185,96,43,Triangle,1.062181448,0,0,1,95.5
20.1,175,65,42.5,Rectangle,1.165217391,0,1,0,63.9
42.2,172,78,42.5,Triangle,1.100546448,0,0,1,74.3
30,176,83,43,Triangle,1.076586433,0,0,1,84.9
44.8,173,70,41,Rectangle,1.158403869,0,1,0,75.4
20.4,181,63,43,Inverted Triangle,1.310298103,1,0,0,63.6
19,183,75,42,Inverted Triangle,1.171604938,1,0,0,76.9
26.2,175,70,42.5,Inverted Triangle,1.203955501,1,0,0,70.1
42,204,125,48,Rectangle,1.123966942,0,1,0,127.5
43,191,98,46,Rectangle,1.113989637,0,1,0,99.3
36,174,67,42,Rectangle,1.134939759,0,1,0,70.1
27.1,172,66,42,Rectangle,1.166461159,0,1,0,65
35.3,172,77,41,Triangle,1.099542334,0,0,1,76.3
18.8,180,60,42,Rectangle,1.164921466,0,1,0,59.1
21,193,78,43,Triangle,1.103291714,0,0,1,80.1
19,180,62.5,43,Inverted Triangle,1.311522048,1,0,0,61.8
18.4,170,69,42.5,Inverted Triangle,1.306122449,1,0,0,66.9
57.7,164,89,41,Triangle,0.958115183,0,0,1,90.1
32,176,81,43,Rectangle,1.167259786,0,1,0,79.8
61,177,76,43,Triangle,1.077812829,0,0,1,79.1
19.3,168,75,43,Triangle,1.100342075,0,0,1,76.6
46.8,169,74,41,Triangle,1.101321586,0,0,1,75.4
30.6,173,70,41,Inverted Triangle,1.196581197,1,0,0,71.5
22.5,175,65,43.5,Inverted Triangle,1.227390181,1,0,0,63.4
28.1,181.5,73,43.5,Triangle,1.104242424,0,0,1,71.2
22,188,87,44,Rectangle,1.143769968,0,1,0,83.5
38,193,75,44,Inverted Triangle,1.234375,1,0,0,76.6
22,197.5,95,46,Triangle,1.006986028,0,0,1,101.7
35.6,170,69,42,Inverted Triangle,1.236907731,1,0,0,70.5
55,178,92,43,Triangle,0.997118156,0,0,1,86.6
43,182,84,44,Inverted Triangle,1.219428571,1,0,0,84
21,187,75,43,Rectangle,1.117647059,0,1,0,71.6
38,186,70,43,Inverted Triangle,1.206060606,1,0,0,74
60.3,150,59,38,Rectangle,1.111650485,0,1,0,59.1
29,180,72,42,Rectangle,1.157894737,0,1,0,70
19.5,177,62,42.5,Inverted Triangle,1.314363144,1,0,0,62.9
29.9,165,69,40.5,Inverted Triangle,1.186127168,1,0,0,71.9
19.6,184,78,42,Rectangle,1.133578431,0,1,0,73.8
50,177,99,45,Rectangle,1.135728543,0,1,0,99.5
19,180,65,44,Inverted Triangle,1.213315217,1,0,0,61.8
21.4,170,67,41,Inverted Triangle,1.280312907,1,0,0,67.3
31,188,72,44,Inverted Triangle,1.232911392,1,0,0,70.5
40,170,65,42.5,Inverted Triangle,1.2125,1,0,0,66.5
20,177,90,43.5,Rectangle,1.142411642,0,1,0,97.6
53,168,73,40,Inverted Triangle,1.182522124,1,0,0,75.4
51,188,86,42,Triangle,1.055016181,0,0,1,82.2
28,180,75,43,Inverted Triangle,1.215189873,1,0,0,71.5
27,202,90,45,Triangle,1.099137931,0,0,1,90.5
24,181,74,43,Triangle,1.109004739,0,0,1,72.3
47,160,74,39,Triangle,1.064935065,0,0,1,73.4
26.2,169,58,39,Inverted Triangle,1.216774194,1,0,0,57.1
39,181,81,42,Inverted Triangle,1.293833132,1,0,0,78.2
24,172,59,42,Inverted Triangle,1.222222222,1,0,0,60.4
53.7,177,87,43,Rectangle,1.112840467,0,1,0,92.3
50,178.5,87,44,Rectangle,1.138751239,0,1,0,92.6
19,192,80,44,Inverted Triangle,1.176336746,1,0,0,81
41,178,79,43,Inverted Triangle,1.198412698,1,0,0,79.8
19,187,80,44,Rectangle,1.160958904,0,1,0,78
22,196,80,45,Rectangle,1.121452894,0,1,0,80.8
32.6,165,54,39,Inverted Triangle,1.288629738,1,0,0,53.5
31.5,167,70,43,Inverted Triangle,1.176470588,1,0,0,69.7
25.4,177,71,40.5,Inverted Triangle,1.268844221,1,0,0,71
29.9,176,71,42,Rectangle,1.128992629,0,1,0,70.8
37.3,174,79,43,Rectangle,1.161849711,0,1,0,79.6
22.2,170,63,42,Inverted Triangle,1.207643312,1,0,0,63.8
38.1,185,86,43,Inverted Triangle,1.195039459,1,0,0,84.5
25,174,68,41,Triangle,1.087529976,0,0,1,68
58.3,175,75,43,Triangle,1.060445387,0,0,1,75.6
21.8,173,68,42,Rectangle,1.160714286,0,1,0,69
55,185,70,44,Triangle,1.064551422,0,0,1,79.1
41,194,104,48,Rectangle,1.130769231,0,1,0,106.3
24,183,83,42,Triangle,1.054824561,0,0,1,83.6
40,189,75,42,Rectangle,1.169787765,0,1,0,75.6
20,182,70,43,Inverted Triangle,1.186215236,1,0,0,73.8
20,178,69,42,Inverted Triangle,1.201995012,1,0,0,68.5
53,177,65,41,Rectangle,1.119760479,0,1,0,67
26.6,175,80,43,Rectangle,1.167040359,0,1,0,81.1
22.8,179,73,43,Inverted Triangle,1.29528536,1,0,0,71.1
37,178,78,42,Inverted Triangle,1.239485981,1,0,0,82.5
28,177,68,42,Rectangle,1.136200717,0,1,0,70
56,175,105,45,Triangle,1.081132075,0,0,1,105.6
23,182,69,43,Inverted Triangle,1.259872611,1,0,0,70.7
23,183,61,43,Inverted Triangle,1.176315789,1,0,0,65
40.6,170,63,41,Inverted Triangle,1.219544846,1,0,0,61.7
18.6,165,55,41.5,Rectangle,1.139506173,0,1,0,59.9
42,207,130,49,Triangle,1.051235133,0,0,1,125
22,177,70,42,Rectangle,1.122009569,0,1,0,71.2
21,187,70,42.5,Triangle,1.045005488,0,0,1,74.8
20.5,176,72,42.5,Rectangle,1.161856964,0,1,0,71
26,195,70,42,Triangle,1.090261283,0,0,1,72
21.3,174,60,43,Triangle,1.086419753,0,0,1,66.9
37,190,74,45,Triangle,1.080874317,0,0,1,78.5
23.8,178,72,43.5,Rectangle,1.15956151,0,1,0,69.9
20,194,80.6,46,Rectangle,1.137115839,0,1,0,79
20.2,170,68,43.5,Inverted Triangle,1.1925,1,0,0,67.5
24.4,179,70,42.5,Rectangle,1.169082126,0,1,0,68.5
34,181,78,42,Inverted Triangle,1.184986595,1,0,0,64.4
19.1,175,68,41,Inverted Triangle,1.22519084,1,0,0,66.6
44.7,168,70,42,Rectangle,1.139455782,0,1,0,72.6
41,175,75,42,Inverted Triangle,1.204976303,1,0,0,74.4
22,178,82,45,Inverted Triangle,1.222361809,1,0,0,79.6
21.7,189,82,43.5,Triangle,1.038095238,0,0,1,78.5
19,183,65,43,Rectangle,1.141263941,0,1,0,69
24,183,75,42,Triangle,1.09841629,0,0,1,72.6
30.5,171,69,42,Inverted Triangle,1.318897638,1,0,0,66.5
55,200,105,49,Triangle,1.031037827,0,0,1,107
39.9,175,73.5,42,Rectangle,1.129779838,0,1,0,74.5
