"Waist Circumference, Pref (mm)",Chest Circumference (mm),Bust/Chest Circumference Under Bust (mm),Neck Base Circumference (mm),"Hip Circumference, Maximum (mm)",Crotch Height (mm),Thigh Circumference (mm),Shoulder Breadth (mm),"Waist Height, Preferred (mm)",Arm Length (Shoulder to Wrist) (mm),Chest Girth (Chest Circumference at Scye) (mm),Weight (kg),"Ankle Ht Rt (Malleolus, Lateral) (mm)",Malleolus Med Rt (mm)
775.0,914.0,780.0,475.0,968.0,804.0,554.0,447.0,1048.0,552.0,934.0,60.0,67.53,87.07
1055.0,1234.0,1040.0,484.0,1168.0,791.0,691.0,453.0,1075.0,621.0,1093.0,94.5,70.79,86.09
832.0,970.0,839.0,404.0,1035.0,747.0,620.0,407.0,970.0,555.0,903.0,63.8,64.17,77.34
755.0,894.0,778.0,402.0,926.0,879.0,540.0,403.0,1077.0,584.0,857.0,58.9,75.39,76.13
927.0,1017.0,801.0,415.0,1056.0,806.0,627.0,433.0,992.0,580.0,911.0,72.0,62.21,83.91
694.0,892.0,728.0,457.0,983.0,857.0,561.0,394.0,1079.0,610.0,829.0,62.3,75.0,85.0
1025.0,1155.0,962.0,470.0,1100.0,794.0,644.0,478.0,998.0,596.0,1029.0,84.4,62.0,74.0
678.0,881.0,759.0,418.0,983.0,761.0,584.0,413.0,1013.0,574.0,838.0,59.0,57.68,76.09
750.0,811.0,626.0,427.0,916.0,890.0,507.0,378.0,1125.0,610.0,776.0,56.0,70.03,82.82
725.0,955.0,816.0,450.0,1006.0,730.0,582.0,411.0,965.0,575.0,929.0,59.9,59.31,77.0
849.0,996.0,817.0,446.0,984.0,820.0,533.0,435.0,1060.0,633.0,946.0,68.9,78.24,92.1
753.0,891.0,805.0,414.0,1011.0,781.0,565.0,393.0,1023.0,570.0,851.0,60.4,71.61,87.78
695.0,878.0,787.0,416.0,964.0,747.0,535.0,404.0,1021.0,549.0,868.0,57.5,67.85,82.56
760.0,889.0,735.0,401.0,901.0,789.0,505.0,377.0,978.0,598.0,799.0,51.5,62.0,70.0
833.0,968.0,818.0,376.0,1009.0,768.0,590.0,423.0,976.0,598.0,889.0,64.8,61.98,86.91
786.0,936.0,812.0,456.0,1024.0,803.0,595.0,414.0,1070.0,576.0,896.0,66.8,66.43,87.91
1028.0,1176.0,981.0,482.0,1202.0,799.0,759.0,465.0,1073.0,620.0,1087.0,105.0,76.63,95.67
766.0,888.0,760.0,422.0,990.0,695.0,560.0,420.0,910.0,551.0,873.0,55.0,61.0,68.0
808.0,979.0,814.0,414.0,1001.0,665.0,572.0,387.0,924.0,544.0,918.0,61.9,54.0,70.0
1063.0,1193.0,980.0,469.0,1082.0,817.0,640.0,503.0,1104.0,644.0,1140.0,101.7,71.07,90.64
750.0,852.0,738.0,421.0,951.0,735.0,535.0,410.0,949.0,588.0,821.0,53.2,62.0,76.0
884.0,1057.0,883.0,464.0,1123.0,856.0,623.0,438.0,1120.0,617.0,953.0,77.4,80.76,84.87
958.0,1019.0,840.0,452.0,1171.0,760.0,693.0,461.0,1000.0,577.0,967.0,81.0,64.49,67.33
993.0,1125.0,881.0,433.0,1089.0,836.0,645.0,449.0,1085.0,610.0,1050.0,89.8,75.94,82.52
966.0,1081.0,869.0,498.0,1036.0,771.0,604.0,457.0,1052.0,560.0,982.0,80.1,69.25,76.54
758.0,912.0,765.0,430.0,1055.0,832.0,610.0,432.0,1064.0,627.0,890.0,67.2,64.0,72.0
847.0,944.0,812.0,445.0,973.0,748.0,552.0,434.0,959.0,600.0,926.0,62.7,66.0,74.0
709.0,843.0,722.0,420.0,900.0,723.0,541.0,403.0,913.0,594.0,822.0,50.8,58.0,62.0
882.0,971.0,818.0,425.0,1137.0,734.0,665.0,437.0,1029.0,580.0,921.0,72.3,65.0,78.0
762.0,830.0,712.0,430.0,971.0,775.0,573.0,410.0,1000.0,581.0,800.0,57.9,68.0,72.0
928.0,1107.0,931.0,495.0,977.0,830.0,563.0,476.0,1088.0,631.0,1031.0,83.2,72.31,77.05
640.0,882.0,757.0,419.0,965.0,706.0,539.0,396.0,971.0,521.0,872.0,55.6,61.45,78.34
937.0,984.0,867.0,440.0,1021.0,763.0,527.0,427.0,957.0,592.0,957.0,66.4,60.31,76.62
833.0,985.0,886.0,446.0,1125.0,808.0,644.0,433.0,1056.0,594.0,934.0,75.9,65.71,76.57
837.0,1045.0,838.0,410.0,1056.0,760.0,610.0,421.0,1022.0,555.0,955.0,74.1,57.41,80.76
899.0,1005.0,851.0,429.0,1071.0,754.0,635.0,428.0,1024.0,570.0,851.0,76.3,63.87,80.37
675.0,876.0,772.0,413.0,950.0,831.0,524.0,401.0,1062.0,589.0,845.0,58.4,66.22,82.12
665.0,815.0,694.0,400.0,952.0,769.0,540.0,405.0,1014.0,587.0,845.0,52.6,58.0,69.0
879.0,954.0,835.0,455.0,1095.0,874.0,636.0,447.0,1126.0,664.0,942.0,80.3,61.33,86.76
775.0,942.0,805.0,460.0,1034.0,890.0,570.0,450.0,1125.0,601.0,934.0,72.1,70.21,83.63
811.0,1006.0,833.0,424.0,1152.0,856.0,676.0,434.0,1092.0,608.0,975.0,78.4,62.76,89.06
795.0,900.0,774.0,452.0,1066.0,786.0,523.0,425.0,1010.0,558.0,887.0,60.2,56.95,83.28
911.0,894.0,762.0,413.0,969.0,868.0,516.0,407.0,994.0,619.0,862.0,57.4,68.96,79.39
887.0,938.0,793.0,455.0,1025.0,807.0,597.0,433.0,982.0,581.0,921.0,68.4,74.28,82.47
835.0,935.0,809.0,438.0,1053.0,791.0,605.0,417.0,1025.0,594.0,923.0,67.2,65.91,82.63
645.0,841.0,722.0,397.0,920.0,749.0,504.0,387.0,979.0,598.0,802.0,50.6,68.0,79.0
694.0,849.0,718.0,385.0,913.0,749.0,488.0,396.0,960.0,567.0,826.0,49.4,58.96,79.74
748.0,870.0,698.0,438.0,925.0,757.0,515.0,411.0,960.0,585.0,820.0,51.8,62.0,72.0
1030.0,1146.0,1000.0,542.0,1139.0,747.0,603.0,428.0,1006.0,565.0,1059.0,82.9,67.52,86.18
835.0,927.0,813.0,446.0,1053.0,808.0,603.0,405.0,1062.0,613.0,901.0,67.3,67.13,75.56
1015.0,1165.0,940.0,512.0,1292.0,803.0,780.0,460.0,1084.0,660.0,1072.0,112.3,68.66,84.03
1012.0,1030.0,867.0,510.0,1087.0,732.0,670.0,391.0,979.0,567.0,930.0,77.4,65.59,80.26
871.0,1053.0,897.0,448.0,1160.0,793.0,703.0,475.0,1075.0,607.0,974.0,81.0,62.09,76.81
816.0,900.0,779.0,440.0,1036.0,925.0,571.0,442.0,1149.0,632.0,881.0,68.1,73.37,88.45
702.0,821.0,731.0,441.0,925.0,790.0,500.0,420.0,999.0,620.0,845.0,54.4,70.0,76.0
789.0,819.0,712.0,418.0,955.0,800.0,519.0,405.0,993.0,646.0,811.0,55.4,68.0,84.0
804.0,933.0,796.0,430.0,1154.0,895.0,644.0,392.0,1157.0,646.0,907.0,79.1,69.96,86.68
738.0,896.0,744.0,427.0,961.0,777.0,536.0,423.0,992.0,595.0,874.0,58.3,58.0,78.0
1144.0,1208.0,1049.0,480.0,1197.0,810.0,695.0,432.0,1036.0,603.0,1085.0,106.3,63.56,83.25
864.0,991.0,797.0,415.0,985.0,765.0,573.0,418.0,968.0,578.0,943.0,60.5,60.0,65.0
665.0,870.0,720.0,415.0,910.0,731.0,528.0,401.0,951.0,561.0,866.0,49.5,61.0,75.0
845.0,965.0,760.0,406.0,1065.0,749.0,605.0,422.0,969.0,609.0,860.0,63.1,63.0,75.0
764.0,926.0,780.0,385.0,954.0,798.0,533.0,414.0,1055.0,602.0,904.0,59.2,57.11,71.72
702.0,790.0,685.0,425.0,891.0,816.0,471.0,389.0,993.0,614.0,793.0,49.7,67.0,74.0
683.0,824.0,708.0,424.0,900.0,721.0,509.0,374.0,920.0,568.0,790.0,47.5,61.0,67.0
668.0,919.0,747.0,407.0,1015.0,787.0,580.0,419.0,1027.0,581.0,880.0,61.0,74.46,85.86
884.0,1044.0,842.0,465.0,1120.0,803.0,645.0,431.0,1080.0,620.0,975.0,84.6,73.87,78.07
743.0,868.0,743.0,350.0,1060.0,823.0,623.0,421.0,1058.0,585.0,866.0,63.1,62.41,79.22
809.0,888.0,744.0,424.0,977.0,762.0,540.0,397.0,912.0,574.0,793.0,54.2,68.0,76.0
873.0,892.0,726.0,425.0,1049.0,757.0,604.0,398.0,929.0,587.0,825.0,62.1,58.0,63.0
820.0,958.0,810.0,457.0,1087.0,757.0,590.0,401.0,1026.0,569.0,932.0,68.0,72.95,90.06
928.0,1100.0,845.0,494.0,1050.0,731.0,591.0,409.0,1013.0,579.0,962.0,76.9,68.47,78.43
682.0,895.0,732.0,428.0,972.0,780.0,575.0,415.0,1019.0,569.0,841.0,56.2,59.72,80.87
696.0,914.0,739.0,434.0,958.0,751.0,569.0,390.0,973.0,576.0,836.0,56.5,70.0,69.0
737.0,825.0,706.0,405.0,940.0,784.0,535.0,385.0,966.0,586.0,808.0,50.4,58.0,65.0
708.0,885.0,800.0,425.0,1016.0,782.0,585.0,382.0,1038.0,596.0,864.0,62.0,70.01,84.13
680.0,733.0,653.0,417.0,889.0,765.0,470.0,365.0,943.0,565.0,729.0,44.0,51.0,70.0
1040.0,1156.0,994.0,470.0,1160.0,801.0,698.0,456.0,1042.0,577.0,1087.0,95.2,70.1,81.35
885.0,1088.0,883.0,477.0,1165.0,758.0,712.0,492.0,1006.0,561.0,977.0,86.5,59.65,76.72
1025.0,1159.0,1022.0,498.0,1208.0,752.0,705.0,487.0,982.0,542.0,1081.0,93.5,66.52,75.25
694.0,834.0,685.0,441.0,1000.0,733.0,565.0,411.0,976.0,570.0,851.0,55.3,59.0,74.0
936.0,1103.0,947.0,484.0,1213.0,788.0,711.0,485.0,1067.0,603.0,1005.0,91.0,57.85,69.33
811.0,865.0,706.0,445.0,977.0,739.0,557.0,393.0,914.0,560.0,844.0,57.2,68.0,74.0
800.0,850.0,750.0,458.0,940.0,732.0,535.0,405.0,929.0,578.0,847.0,53.6,64.0,68.0
739.0,975.0,828.0,417.0,1015.0,781.0,565.0,397.0,1036.0,608.0,910.0,67.0,72.9,75.4
746.0,895.0,763.0,406.0,978.0,829.0,562.0,422.0,1059.0,606.0,868.0,67.3,61.08,70.51
773.0,962.0,840.0,458.0,1169.0,789.0,686.0,435.0,1058.0,591.0,954.0,75.1,59.83,81.46
730.0,849.0,745.0,439.0,940.0,780.0,540.0,408.0,967.0,611.0,828.0,55.3,60.0,74.0
890.0,937.0,800.0,395.0,1035.0,753.0,615.0,432.0,935.0,577.0,903.0,65.8,64.0,72.0
820.0,952.0,846.0,447.0,915.0,847.0,499.0,412.0,1090.0,594.0,933.0,60.7,69.67,78.71
609.0,805.0,702.0,420.0,865.0,743.0,472.0,379.0,979.0,523.0,801.0,44.0,61.82,76.54
1062.0,1148.0,981.0,471.0,1156.0,657.0,659.0,415.0,921.0,541.0,1060.0,80.3,60.92,77.56
694.0,878.0,753.0,397.0,911.0,768.0,530.0,393.0,972.0,564.0,845.0,53.1,58.0,68.0
705.0,837.0,695.0,422.0,895.0,745.0,518.0,382.0,936.0,582.0,785.0,52.0,62.0,76.0
749.0,892.0,734.0,435.0,970.0,721.0,590.0,417.0,911.0,552.0,868.0,57.0,62.0,72.0
662.0,787.0,679.0,424.0,944.0,714.0,550.0,402.0,941.0,560.0,798.0,47.7,61.0,68.0
921.0,918.0,849.0,470.0,1093.0,891.0,621.0,434.0,1096.0,629.0,905.0,74.9,65.87,80.2
807.0,978.0,849.0,409.0,996.0,859.0,555.0,422.0,1070.0,619.0,923.0,67.7,71.52,80.39
955.0,1113.0,963.0,435.0,1124.0,732.0,695.0,461.0,1000.0,586.0,1058.0,85.5,64.31,72.05
717.0,895.0,721.0,452.0,986.0,737.0,570.0,394.0,934.0,565.0,816.0,56.0,55.0,67.0
762.0,920.0,775.0,430.0,1099.0,788.0,671.0,436.0,1012.0,559.0,895.0,68.6,73.54,75.57
794.0,940.0,795.0,405.0,945.0,668.0,555.0,400.0,884.0,543.0,880.0,55.4,54.0,62.0
854.0,915.0,712.0,452.0,1035.0,733.0,590.0,405.0,904.0,573.0,855.0,62.0,64.0,79.0
703.0,900.0,764.0,429.0,994.0,777.0,571.0,430.0,1033.0,585.0,889.0,62.1,63.62,77.85
773.0,1008.0,880.0,412.0,1051.0,826.0,589.0,407.0,1065.0,609.0,941.0,69.5,62.85,75.69
824.0,848.0,739.0,416.0,990.0,778.0,554.0,409.0,941.0,593.0,822.0,58.3,62.0,74.0
710.0,810.0,711.0,375.0,865.0,711.0,516.0,354.0,934.0,505.0,772.0,48.3,51.26,65.07
670.0,810.0,680.0,405.0,952.0,715.0,556.0,402.0,954.0,557.0,812.0,53.1,64.0,69.0
890.0,1073.0,934.0,410.0,1066.0,834.0,609.0,399.0,1071.0,615.0,954.0,77.0,54.76,62.16
938.0,1130.0,918.0,466.0,1132.0,748.0,639.0,452.0,1012.0,561.0,1012.0,87.7,80.21,85.54
1115.0,1274.0,1019.0,443.0,1120.0,792.0,668.0,456.0,1010.0,567.0,1115.0,96.7,67.16,64.27
830.0,886.0,746.0,426.0,1039.0,869.0,600.0,417.0,1077.0,605.0,859.0,66.6,67.94,84.89
769.0,942.0,777.0,440.0,1124.0,826.0,602.0,454.0,1104.0,617.0,910.0,72.0,71.47,83.46
883.0,1057.0,886.0,435.0,1166.0,737.0,702.0,417.0,1022.0,558.0,983.0,83.3,58.13,70.33
802.0,961.0,815.0,444.0,1101.0,876.0,620.0,467.0,1139.0,642.0,927.0,71.7,68.8,89.66
722.0,891.0,784.0,398.0,1055.0,794.0,599.0,421.0,1072.0,600.0,896.0,68.3,58.39,84.3
797.0,983.0,773.0,460.0,1033.0,767.0,589.0,450.0,1011.0,563.0,927.0,65.6,76.24,83.16
1135.0,1234.0,1020.0,530.0,1159.0,716.0,703.0,438.0,995.0,585.0,1090.0,100.4,76.19,81.03
696.0,846.0,705.0,410.0,911.0,678.0,521.0,392.0,889.0,514.0,820.0,49.2,62.0,68.0
902.0,1081.0,900.0,458.0,1107.0,785.0,659.0,422.0,1033.0,573.0,967.0,79.3,66.47,78.17
999.0,1184.0,1003.0,428.0,1115.0,821.0,676.0,462.0,1035.0,610.0,1083.0,92.4,63.94,67.21
758.0,840.0,710.0,403.0,972.0,743.0,554.0,404.0,920.0,578.0,814.0,52.1,62.0,67.0
971.0,1100.0,889.0,447.0,1195.0,698.0,717.0,476.0,996.0,541.0,992.0,85.9,77.31,71.56
648.0,847.0,753.0,414.0,938.0,825.0,539.0,406.0,1094.0,613.0,849.0,54.3,64.36,79.86
703.0,875.0,715.0,452.0,1015.0,791.0,605.0,394.0,1023.0,593.0,805.0,60.4,64.0,77.0
645.0,815.0,649.0,441.0,889.0,690.0,520.0,404.0,894.0,551.0,800.0,44.9,52.0,69.0
691.0,881.0,740.0,425.0,971.0,792.0,551.0,419.0,1030.0,608.0,862.0,56.6,68.0,82.0
755.0,944.0,752.0,455.0,959.0,695.0,596.0,404.0,954.0,538.0,872.0,56.1,66.0,70.0
796.0,964.0,863.0,436.0,1056.0,828.0,656.0,455.0,1071.0,593.0,945.0,75.0,74.05,81.28
1097.0,1253.0,1020.0,509.0,1275.0,756.0,746.0,470.0,1032.0,596.0,1146.0,104.2,66.75,91.57
877.0,907.0,763.0,393.0,960.0,749.0,578.0,390.0,910.0,543.0,866.0,56.6,64.52,76.03
752.0,988.0,770.0,473.0,1048.0,838.0,608.0,431.0,1056.0,625.0,908.0,71.3,56.0,66.0
833.0,889.0,787.0,475.0,1016.0,861.0,578.0,409.0,1089.0,620.0,874.0,65.8,64.15,82.23
850.0,965.0,808.0,440.0,1065.0,775.0,665.0,447.0,986.0,619.0,936.0,69.8,64.0,75.0
740.0,929.0,793.0,437.0,955.0,724.0,584.0,410.0,920.0,545.0,869.0,58.3,60.08,80.54
761.0,909.0,788.0,438.0,1042.0,867.0,641.0,430.0,1099.0,637.0,900.0,72.1,60.07,69.97
762.0,890.0,799.0,402.0,959.0,728.0,575.0,412.0,956.0,548.0,883.0,57.2,58.59,68.31
1049.0,1179.0,1010.0,481.0,1332.0,696.0,717.0,413.0,977.0,571.0,1008.0,95.5,61.06,76.65
714.0,890.0,761.0,399.0,951.0,761.0,530.0,394.0,1002.0,542.0,867.0,54.1,62.12,78.08
799.0,970.0,790.0,459.0,1068.0,866.0,607.0,445.0,1109.0,600.0,932.0,69.5,67.28,83.39
689.0,849.0,728.0,431.0,1005.0,796.0,557.0,406.0,1000.0,590.0,832.0,56.9,70.0,84.0
674.0,862.0,710.0,415.0,955.0,787.0,555.0,378.0,1030.0,583.0,809.0,53.5,62.0,69.0
710.0,898.0,741.0,408.0,1051.0,773.0,561.0,422.0,1034.0,599.0,843.0,62.7,59.76,84.78
775.0,917.0,722.0,455.0,998.0,802.0,541.0,400.0,987.0,586.0,869.0,59.5,61.0,80.0
723.0,854.0,727.0,431.0,1004.0,736.0,584.0,386.0,942.0,564.0,840.0,57.2,60.0,85.0
693.0,911.0,697.0,436.0,932.0,722.0,503.0,381.0,964.0,546.0,831.0,50.3,62.0,64.0
857.0,1072.0,890.0,439.0,1098.0,805.0,665.0,398.0,1045.0,610.0,922.0,77.9,69.36,67.97
847.0,1031.0,844.0,482.0,990.0,769.0,579.0,421.0,1018.0,569.0,934.0,67.8,59.15,88.77
746.0,952.0,792.0,440.0,1069.0,848.0,602.0,430.0,1088.0,628.0,916.0,70.8,60.01,71.63
904.0,1032.0,844.0,434.0,1021.0,717.0,569.0,422.0,1009.0,566.0,1000.0,73.8,58.07,72.42
771.0,958.0,813.0,445.0,1032.0,752.0,609.0,430.0,989.0,601.0,902.0,66.2,60.21,76.84
856.0,1001.0,879.0,434.0,1010.0,794.0,603.0,408.0,1014.0,600.0,929.0,76.9,67.96,80.4
745.0,886.0,732.0,405.0,952.0,761.0,555.0,404.0,967.0,592.0,834.0,56.3,62.0,76.0
634.0,793.0,699.0,382.0,854.0,701.0,507.0,379.0,908.0,553.0,818.0,43.7,62.0,67.0
675.0,887.0,735.0,432.0,937.0,797.0,528.0,395.0,1041.0,590.0,846.0,55.0,57.26,78.15
786.0,955.0,831.0,427.0,964.0,844.0,538.0,440.0,1122.0,595.0,921.0,67.8,80.45,94.87
889.0,1042.0,889.0,456.0,1169.0,756.0,692.0,478.0,1024.0,576.0,1024.0,86.5,57.54,78.54
807.0,910.0,730.0,445.0,943.0,762.0,516.0,409.0,975.0,570.0,834.0,53.7,64.0,71.0
891.0,989.0,863.0,423.0,1043.0,833.0,612.0,421.0,989.0,582.0,930.0,73.3,64.18,87.79
731.0,823.0,677.0,402.0,907.0,825.0,449.0,397.0,1015.0,612.0,802.0,48.7,56.54,69.61
773.0,820.0,710.0,413.0,900.0,799.0,507.0,413.0,1008.0,610.0,826.0,52.5,67.0,75.0
907.0,1120.0,890.0,406.0,1020.0,809.0,627.0,432.0,1081.0,558.0,1014.0,80.4,72.91,82.29
762.0,887.0,778.0,390.0,982.0,772.0,581.0,388.0,1000.0,562.0,875.0,64.7,71.66,80.01
860.0,1056.0,925.0,455.0,1196.0,763.0,699.0,435.0,1030.0,571.0,1000.0,86.3,60.66,87.25
983.0,1144.0,906.0,480.0,1096.0,756.0,639.0,505.0,1030.0,575.0,1067.0,81.0,67.45,79.0
825.0,924.0,760.0,425.0,991.0,764.0,575.0,432.0,1003.0,583.0,897.0,62.2,59.0,71.0
759.0,845.0,705.0,430.0,980.0,715.0,575.0,384.0,886.0,568.0,800.0,55.3,60.0,70.0
851.0,1042.0,853.0,441.0,1102.0,706.0,659.0,453.0,945.0,567.0,933.0,70.8,61.88,81.87
757.0,905.0,802.0,440.0,980.0,837.0,592.0,449.0,1062.0,613.0,899.0,66.4,76.28,84.3
666.0,846.0,772.0,435.0,960.0,715.0,570.0,416.0,980.0,583.0,851.0,54.5,68.0,78.0
669.0,764.0,655.0,435.0,892.0,743.0,505.0,388.0,932.0,555.0,744.0,47.0,62.0,78.0
733.0,866.0,711.0,425.0,960.0,760.0,540.0,425.0,983.0,564.0,867.0,56.3,60.0,73.0
877.0,1060.0,907.0,460.0,1158.0,810.0,686.0,440.0,1053.0,600.0,1005.0,87.9,71.31,89.8
708.0,824.0,711.0,405.0,917.0,772.0,531.0,389.0,969.0,605.0,811.0,50.1,58.0,73.0
645.0,795.0,704.0,390.0,954.0,700.0,542.0,375.0,950.0,539.0,801.0,49.7,61.0,62.0
973.0,1044.0,845.0,445.0,1177.0,805.0,705.0,416.0,1002.0,598.0,983.0,81.8,63.56,78.11
930.0,1052.0,932.0,469.0,1106.0,768.0,634.0,441.0,1007.0,573.0,994.0,79.3,63.49,72.31
790.0,935.0,830.0,420.0,1130.0,760.0,662.0,450.0,1032.0,555.0,905.0,73.2,66.0,83.0
914.0,989.0,847.0,443.0,1000.0,777.0,576.0,419.0,955.0,566.0,920.0,68.3,63.49,63.9
730.0,900.0,724.0,435.0,1105.0,791.0,627.0,443.0,1043.0,588.0,888.0,69.4,66.03,80.94
747.0,940.0,785.0,423.0,920.0,680.0,515.0,413.0,920.0,544.0,848.0,51.8,61.0,74.0
872.0,882.0,800.0,430.0,960.0,670.0,545.0,390.0,916.0,555.0,847.0,55.5,60.0,66.0
891.0,1068.0,893.0,422.0,1190.0,715.0,677.0,461.0,953.0,552.0,995.0,78.0,63.47,63.58
696.0,839.0,732.0,399.0,855.0,825.0,461.0,388.0,1042.0,601.0,831.0,49.0,63.75,77.21
983.0,1161.0,959.0,424.0,1053.0,715.0,638.0,423.0,928.0,562.0,1041.0,75.7,54.04,85.7
926.0,1094.0,891.0,487.0,1177.0,808.0,666.0,485.0,1078.0,624.0,1040.0,91.9,66.48,88.42
833.0,999.0,823.0,420.0,1122.0,818.0,664.0,428.0,1056.0,570.0,930.0,74.9,71.63,68.74
821.0,962.0,866.0,420.0,955.0,779.0,523.0,410.0,1017.0,555.0,935.0,59.9,69.39,83.78
840.0,1014.0,850.0,440.0,1121.0,853.0,647.0,440.0,1095.0,634.0,960.0,79.9,69.34,94.04
922.0,963.0,855.0,488.0,1099.0,818.0,645.0,464.0,1009.0,601.0,927.0,73.0,63.37,79.12
740.0,825.0,700.0,402.0,1000.0,778.0,524.0,410.0,1017.0,629.0,813.0,57.6,67.0,82.0
686.0,932.0,812.0,424.0,984.0,752.0,584.0,412.0,1008.0,545.0,901.0,60.7,71.78,77.33
805.0,1000.0,797.0,435.0,940.0,650.0,515.0,426.0,917.0,548.0,910.0,56.2,63.0,66.0
804.0,1034.0,832.0,454.0,1100.0,806.0,657.0,471.0,1098.0,600.0,970.0,78.4,62.77,71.96
745.0,907.0,752.0,410.0,986.0,735.0,534.0,376.0,929.0,552.0,834.0,59.3,66.0,77.0
683.0,882.0,735.0,407.0,930.0,769.0,515.0,408.0,1023.0,564.0,862.0,55.0,59.86,79.23
628.0,819.0,696.0,398.0,958.0,718.0,501.0,384.0,953.0,527.0,795.0,47.4,63.03,78.7
1021.0,1105.0,917.0,464.0,1170.0,760.0,667.0,424.0,1026.0,555.0,1045.0,86.8,73.67,74.17
673.0,840.0,675.0,379.0,976.0,780.0,551.0,391.0,987.0,583.0,781.0,49.2,64.0,75.0
572.0,746.0,650.0,410.0,828.0,698.0,459.0,372.0,896.0,542.0,747.0,37.9,52.0,63.0
736.0,832.0,748.0,454.0,1016.0,784.0,572.0,394.0,1038.0,585.0,802.0,57.4,53.0,88.49
899.0,1032.0,863.0,432.0,1033.0,848.0,579.0,431.0,1120.0,621.0,984.0,75.4,65.2,78.36
1171.0,1394.0,1119.0,448.0,1454.0,768.0,750.0,559.0,1063.0,570.0,1199.0,115.6,69.77,63.05
1220.0,1367.0,1170.0,489.0,1184.0,839.0,670.0,474.0,1071.0,618.0,1163.0,113.9,69.16,80.97
671.0,844.0,711.0,426.0,1034.0,708.0,578.0,389.0,950.0,540.0,825.0,55.3,54.93,67.75
739.0,912.0,768.0,450.0,1102.0,822.0,624.0,406.0,1072.0,619.0,878.0,67.8,61.18,89.82
720.0,841.0,749.0,405.0,930.0,862.0,523.0,423.0,1062.0,591.0,854.0,54.1,68.87,78.36
690.0,865.0,724.0,416.0,956.0,810.0,526.0,389.0,1044.0,608.0,860.0,56.8,66.14,69.65
820.0,1033.0,841.0,429.0,1125.0,762.0,690.0,479.0,1022.0,584.0,991.0,76.4,55.55,73.33
775.0,905.0,766.0,410.0,990.0,786.0,590.0,425.0,1018.0,623.0,880.0,63.3,60.0,68.0
824.0,975.0,825.0,443.0,1010.0,764.0,560.0,457.0,1051.0,590.0,957.0,66.0,70.0,78.0
674.0,833.0,705.0,447.0,929.0,750.0,538.0,416.0,979.0,609.0,824.0,52.9,62.0,74.0
774.0,917.0,745.0,421.0,968.0,764.0,560.0,410.0,962.0,595.0,879.0,61.1,68.0,76.0
744.0,935.0,779.0,427.0,1003.0,806.0,572.0,432.0,1020.0,612.0,881.0,63.8,66.0,79.0
686.0,881.0,753.0,424.0,999.0,770.0,579.0,398.0,1015.0,555.0,850.0,56.0,57.05,65.61
675.0,790.0,690.0,436.0,897.0,714.0,500.0,402.0,940.0,572.0,788.0,46.4,62.0,75.0
808.0,1003.0,822.0,427.0,935.0,712.0,537.0,417.0,936.0,541.0,957.0,62.2,65.08,71.05
905.0,1048.0,886.0,430.0,1087.0,846.0,605.0,430.0,1093.0,622.0,971.0,81.0,65.49,87.55
776.0,975.0,784.0,430.0,1033.0,754.0,596.0,423.0,997.0,560.0,959.0,65.7,57.64,74.44
759.0,965.0,781.0,481.0,1001.0,764.0,570.0,432.0,1003.0,583.0,914.0,61.7,58.0,72.0
774.0,924.0,797.0,409.0,1002.0,806.0,575.0,437.0,1076.0,590.0,898.0,63.4,66.83,68.91
745.0,859.0,704.0,410.0,969.0,793.0,558.0,387.0,975.0,590.0,830.0,53.3,60.0,64.0
789.0,882.0,814.0,418.0,980.0,781.0,552.0,420.0,1028.0,578.0,872.0,59.4,61.05,81.62
780.0,888.0,764.0,465.0,989.0,773.0,571.0,424.0,1017.0,577.0,891.0,59.7,71.72,76.74
716.0,892.0,760.0,387.0,1008.0,836.0,576.0,427.0,1078.0,576.0,868.0,61.8,55.42,79.51
787.0,957.0,845.0,420.0,1116.0,843.0,690.0,427.0,1111.0,631.0,961.0,79.3,72.19,86.93
893.0,1099.0,881.0,483.0,1049.0,799.0,630.0,433.0,1065.0,598.0,1012.0,80.8,68.1,79.37
775.0,864.0,725.0,442.0,962.0,768.0,559.0,398.0,964.0,576.0,831.0,61.4,56.0,72.0
805.0,956.0,795.0,449.0,1035.0,765.0,575.0,420.0,1040.0,600.0,909.0,67.2,62.0,66.0
837.0,920.0,815.0,366.0,997.0,688.0,595.0,413.0,928.0,510.0,905.0,59.9,58.96,72.17
717.0,839.0,691.0,392.0,905.0,748.0,502.0,377.0,956.0,573.0,810.0,49.5,60.0,76.0
929.0,1027.0,885.0,445.0,1136.0,826.0,647.0,481.0,1068.0,615.0,1007.0,89.2,74.25,77.39
734.0,916.0,784.0,451.0,1042.0,874.0,595.0,422.0,1137.0,621.0,895.0,67.9,72.69,88.39
807.0,963.0,807.0,411.0,1020.0,731.0,559.0,393.0,1025.0,546.0,920.0,65.0,67.93,82.29
884.0,1045.0,880.0,422.0,1098.0,827.0,688.0,456.0,1055.0,595.0,991.0,81.6,70.01,82.28
726.0,950.0,790.0,447.0,942.0,784.0,552.0,412.0,1021.0,561.0,919.0,61.7,69.95,77.34
892.0,1016.0,895.0,397.0,1071.0,833.0,616.0,450.0,1083.0,610.0,973.0,74.0,72.28,89.35
776.0,999.0,865.0,439.0,1136.0,833.0,652.0,475.0,1090.0,622.0,994.0,78.0,70.84,86.13
752.0,930.0,775.0,445.0,960.0,755.0,565.0,411.0,1026.0,593.0,932.0,64.3,57.0,72.0
764.0,983.0,833.0,431.0,1056.0,822.0,619.0,403.0,1062.0,581.0,924.0,71.4,68.56,83.74
731.0,877.0,726.0,436.0,1017.0,736.0,576.0,388.0,977.0,572.0,848.0,60.5,56.0,76.0
784.0,977.0,799.0,467.0,1034.0,849.0,598.0,437.0,1095.0,625.0,915.0,71.4,71.3,84.5
698.0,854.0,723.0,418.0,1004.0,743.0,587.0,418.0,987.0,578.0,835.0,58.6,62.0,72.0
1048.0,1235.0,1035.0,482.0,1208.0,680.0,630.0,494.0,941.0,582.0,1137.0,92.4,62.0,66.0
776.0,924.0,750.0,435.0,1009.0,821.0,560.0,427.0,1055.0,625.0,888.0,66.1,75.8,88.37
748.0,867.0,743.0,380.0,965.0,774.0,556.0,388.0,995.0,590.0,823.0,53.7,61.82,84.03
1073.0,1135.0,1007.0,473.0,1110.0,792.0,636.0,474.0,1031.0,588.0,1046.0,90.1,55.11,72.18
725.0,927.0,779.0,410.0,1008.0,748.0,580.0,404.0,991.0,561.0,904.0,57.4,63.92,80.08
701.0,900.0,775.0,452.0,995.0,867.0,545.0,411.0,1135.0,643.0,890.0,62.9,73.57,93.42
830.0,931.0,803.0,456.0,1052.0,817.0,541.0,433.0,1064.0,610.0,923.0,65.9,65.55,88.46
803.0,995.0,785.0,393.0,1079.0,800.0,612.0,441.0,1040.0,603.0,934.0,67.6,63.57,72.13
929.0,1081.0,969.0,498.0,1155.0,791.0,681.0,499.0,1067.0,569.0,980.0,92.2,74.46,94.34
756.0,878.0,746.0,393.0,1017.0,801.0,572.0,383.0,1037.0,583.0,814.0,59.8,59.28,78.78
774.0,930.0,783.0,422.0,1007.0,726.0,577.0,395.0,953.0,546.0,874.0,61.8,49.33,71.06
735.0,911.0,807.0,428.0,1015.0,885.0,607.0,419.0,1137.0,618.0,883.0,70.5,74.77,85.78
780.0,915.0,762.0,455.0,1053.0,787.0,617.0,404.0,1056.0,548.0,890.0,68.3,77.98,79.92
839.0,1033.0,832.0,466.0,1017.0,703.0,614.0,420.0,896.0,586.0,909.0,65.6,66.0,77.0
955.0,999.0,820.0,445.0,1075.0,737.0,608.0,437.0,975.0,595.0,924.0,69.7,70.0,82.0
903.0,947.0,753.0,434.0,1100.0,752.0,668.0,429.0,981.0,545.0,883.0,70.2,72.72,76.52
750.0,921.0,804.0,370.0,1010.0,792.0,563.0,389.0,1032.0,580.0,862.0,60.0,69.45,83.54
1085.0,1220.0,1013.0,520.0,1085.0,738.0,665.0,433.0,958.0,568.0,1115.0,93.2,65.53,82.2
936.0,1135.0,914.0,471.0,1163.0,791.0,638.0,496.0,1092.0,600.0,1091.0,90.5,74.37,87.08
959.0,1064.0,855.0,429.0,1068.0,773.0,624.0,447.0,1027.0,562.0,975.0,77.4,67.9,82.73
919.0,1082.0,867.0,425.0,1192.0,703.0,647.0,415.0,977.0,527.0,1008.0,82.0,58.6,75.29
755.0,898.0,785.0,438.0,985.0,808.0,579.0,432.0,1014.0,568.0,891.0,61.3,69.68,80.97
958.0,1112.0,949.0,465.0,1085.0,733.0,536.0,469.0,1025.0,565.0,1028.0,79.8,59.64,67.51
651.0,840.0,727.0,396.0,959.0,723.0,530.0,391.0,981.0,565.0,826.0,50.0,63.34,77.98
982.0,1139.0,981.0,434.0,1220.0,791.0,762.0,490.0,1011.0,596.0,1040.0,104.8,75.33,83.79
690.0,926.0,735.0,408.0,947.0,793.0,534.0,400.0,1062.0,593.0,848.0,55.9,69.0,82.0
772.0,905.0,732.0,428.0,985.0,793.0,545.0,404.0,996.0,574.0,848.0,59.2,62.0,76.0
848.0,950.0,801.0,410.0,1012.0,817.0,584.0,437.0,1040.0,603.0,908.0,66.0,53.05,79.33
784.0,875.0,762.0,392.0,1061.0,723.0,630.0,394.0,951.0,510.0,821.0,60.9,77.53,93.39
680.0,805.0,670.0,405.0,944.0,718.0,532.0,400.0,935.0,528.0,811.0,49.0,60.0,75.0
633.0,806.0,693.0,395.0,937.0,745.0,554.0,403.0,964.0,559.0,810.0,50.5,68.0,73.0
980.0,1148.0,951.0,466.0,1050.0,766.0,537.0,431.0,982.0,567.0,1038.0,79.0,66.28,78.81
811.0,931.0,792.0,443.0,1159.0,856.0,680.0,447.0,1088.0,635.0,885.0,74.5,69.88,81.89
700.0,843.0,702.0,392.0,980.0,693.0,544.0,380.0,915.0,508.0,796.0,50.9,60.0,66.0
701.0,895.0,721.0,429.0,949.0,736.0,548.0,411.0,931.0,547.0,852.0,52.8,58.99,66.42
944.0,1082.0,896.0,471.0,1088.0,806.0,627.0,468.0,1064.0,592.0,1031.0,81.3,63.06,83.52
865.0,959.0,791.0,438.0,1129.0,828.0,646.0,435.0,1074.0,582.0,942.0,76.6,69.79,89.57
751.0,950.0,796.0,432.0,981.0,687.0,558.0,428.0,955.0,567.0,920.0,61.2,66.0,84.0
850.0,910.0,743.0,422.0,1035.0,779.0,593.0,409.0,979.0,589.0,862.0,61.6,58.0,71.0
796.0,904.0,787.0,409.0,1055.0,752.0,617.0,384.0,958.0,546.0,857.0,62.9,57.21,77.43
1072.0,1190.0,1042.0,432.0,1273.0,624.0,696.0,487.0,916.0,538.0,1063.0,90.5,71.19,78.37
825.0,986.0,832.0,466.0,1091.0,767.0,644.0,413.0,1040.0,611.0,924.0,76.0,80.0,84.0
1267.0,1418.0,1162.0,532.0,1361.0,754.0,638.0,548.0,984.0,614.0,1258.0,119.7,65.0,80.1
759.0,935.0,779.0,407.0,969.0,786.0,545.0,407.0,1007.0,560.0,855.0,57.0,60.09,63.66
708.0,898.0,773.0,415.0,1026.0,784.0,608.0,416.0,1034.0,580.0,849.0,67.6,73.35,84.07
795.0,1102.0,810.0,472.0,1154.0,679.0,645.0,450.0,956.0,556.0,1046.0,75.6,64.0,74.0
920.0,1056.0,886.0,456.0,1065.0,746.0,660.0,418.0,1000.0,540.0,921.0,73.5,69.51,67.51
875.0,1001.0,803.0,440.0,1024.0,851.0,564.0,430.0,1089.0,610.0,967.0,68.8,69.46,87.28
986.0,1098.0,917.0,461.0,1102.0,754.0,637.0,404.0,993.0,556.0,1014.0,78.8,64.64,77.82
859.0,1071.0,858.0,432.0,1031.0,740.0,568.0,433.0,965.0,560.0,990.0,67.0,64.84,81.13
738.0,874.0,758.0,420.0,1044.0,798.0,602.0,410.0,1020.0,562.0,861.0,62.0,67.69,78.37
744.0,908.0,784.0,422.0,971.0,783.0,548.0,414.0,1039.0,569.0,858.0,61.2,78.23,84.31
1093.0,1249.0,1064.0,477.0,1111.0,699.0,573.0,460.0,899.0,562.0,1154.0,88.0,55.68,81.11
847.0,980.0,805.0,464.0,1044.0,800.0,600.0,441.0,1055.0,580.0,938.0,72.1,62.49,91.79
737.0,932.0,768.0,435.0,951.0,739.0,549.0,410.0,976.0,552.0,917.0,58.2,68.0,72.0
1226.0,1331.0,1072.0,468.0,1063.0,801.0,645.0,502.0,1068.0,611.0,1171.0,101.6,87.8,88.13
894.0,1083.0,902.0,474.0,1245.0,880.0,715.0,451.0,1148.0,631.0,1078.0,94.0,73.3,85.01
1124.0,1205.0,967.0,515.0,1254.0,768.0,721.0,478.0,1070.0,628.0,1036.0,97.8,72.0,77.0
830.0,962.0,847.0,424.0,943.0,781.0,518.0,395.0,975.0,565.0,920.0,58.7,80.98,96.85
742.0,897.0,752.0,458.0,964.0,898.0,562.0,417.0,1158.0,651.0,865.0,61.0,81.0,90.61
790.0,950.0,805.0,488.0,1045.0,866.0,615.0,425.0,1144.0,667.0,910.0,69.9,76.0,80.0
878.0,885.0,743.0,420.0,1020.0,805.0,610.0,422.0,931.0,608.0,856.0,63.0,62.0,81.0
726.0,813.0,670.0,375.0,930.0,714.0,515.0,367.0,894.0,557.0,767.0,47.2,62.0,73.0
805.0,880.0,739.0,438.0,970.0,717.0,565.0,382.0,887.0,544.0,833.0,57.7,62.0,73.0
745.0,841.0,734.0,413.0,960.0,810.0,549.0,405.0,1037.0,605.0,830.0,56.9,70.0,77.0
874.0,951.0,840.0,417.0,1170.0,723.0,680.0,421.0,971.0,556.0,914.0,74.5,63.46,79.63
730.0,900.0,786.0,434.0,1030.0,848.0,568.0,413.0,1105.0,600.0,883.0,67.0,61.23,82.24
708.0,795.0,702.0,415.0,868.0,735.0,480.0,370.0,930.0,585.0,779.0,46.4,62.0,71.0
680.0,826.0,731.0,393.0,991.0,792.0,501.0,367.0,1020.0,565.0,811.0,55.0,58.0,78.3
721.0,944.0,790.0,385.0,943.0,725.0,533.0,414.0,940.0,550.0,887.0,52.4,63.0,73.0
940.0,1065.0,855.0,438.0,1075.0,679.0,612.0,440.0,946.0,552.0,964.0,69.5,62.0,76.0
1008.0,1149.0,956.0,415.0,1226.0,813.0,737.0,453.0,1046.0,618.0,1014.0,88.8,67.95,80.8
968.0,1085.0,986.0,457.0,1119.0,729.0,638.0,409.0,925.0,584.0,1016.0,78.0,59.4,73.14
660.0,862.0,730.0,410.0,965.0,702.0,555.0,405.0,934.0,544.0,830.0,50.6,56.0,62.0
667.0,819.0,669.0,392.0,921.0,737.0,542.0,380.0,948.0,534.0,776.0,48.0,63.0,70.0
971.0,1073.0,915.0,441.0,1153.0,758.0,680.0,432.0,999.0,611.0,983.0,82.4,62.0,64.0
690.0,880.0,725.0,424.0,923.0,762.0,485.0,393.0,986.0,581.0,849.0,50.7,58.0,66.0
683.0,880.0,732.0,413.0,925.0,730.0,510.0,397.0,909.0,529.0,829.0,46.4,53.0,67.0
695.0,944.0,797.0,409.0,1025.0,798.0,597.0,440.0,1062.0,580.0,897.0,63.5,63.46,75.24
667.0,840.0,713.0,423.0,910.0,697.0,522.0,362.0,894.0,558.0,802.0,49.9,62.0,68.0
591.0,828.0,662.0,391.0,876.0,800.0,472.0,356.0,1013.0,576.0,764.0,43.5,60.0,68.0
788.0,977.0,856.0,435.0,1087.0,792.0,623.0,428.0,1037.0,620.0,939.0,71.3,60.95,74.85
718.0,800.0,666.0,435.0,985.0,737.0,565.0,400.0,975.0,606.0,782.0,54.7,64.0,75.0
665.0,852.0,720.0,402.0,934.0,708.0,554.0,394.0,961.0,572.0,813.0,51.5,62.0,67.0
608.0,828.0,682.0,432.0,884.0,677.0,515.0,372.0,895.0,534.0,762.0,46.4,50.0,60.0
681.0,849.0,725.0,427.0,930.0,761.0,545.0,382.0,975.0,565.0,811.0,53.2,68.0,73.0
812.0,935.0,786.0,416.0,1074.0,702.0,677.0,443.0,923.0,575.0,911.0,66.8,66.0,70.0
1117.0,1318.0,1046.0,521.0,1220.0,814.0,647.0,500.0,1056.0,655.0,1209.0,108.0,66.79,79.97
717.0,846.0,689.0,450.0,905.0,765.0,476.0,384.0,944.0,580.0,821.0,48.7,60.0,74.0
694.0,900.0,712.0,427.0,999.0,757.0,538.0,390.0,1014.0,613.0,856.0,57.9,64.0,69.0
993.0,1051.0,855.0,435.0,1098.0,774.0,656.0,470.0,1011.0,594.0,1016.0,82.9,67.29,81.94
881.0,1123.0,895.0,495.0,1126.0,889.0,649.0,464.0,1148.0,670.0,1032.0,87.8,72.15,95.46
800.0,979.0,813.0,438.0,989.0,672.0,554.0,416.0,942.0,542.0,881.0,62.0,63.0,74.0
722.0,898.0,770.0,413.0,1003.0,818.0,593.0,407.0,1032.0,581.0,893.0,64.1,71.48,83.01
800.0,925.0,789.0,438.0,1063.0,719.0,581.0,431.0,970.0,560.0,889.0,64.3,66.0,78.0
760.0,894.0,707.0,431.0,982.0,746.0,539.0,379.0,920.0,562.0,819.0,56.6,58.0,75.0
695.0,826.0,690.0,396.0,1017.0,814.0,576.0,389.0,1045.0,596.0,796.0,52.6,67.69,71.13
1005.0,1078.0,910.0,473.0,1135.0,816.0,676.0,435.0,1054.0,598.0,983.0,83.1,69.86,78.37
822.0,926.0,769.0,443.0,904.0,753.0,487.0,403.0,990.0,589.0,880.0,54.3,57.23,78.22
800.0,1010.0,800.0,450.0,1030.0,700.0,610.0,453.0,939.0,537.0,950.0,65.7,63.0,69.0
805.0,889.0,758.0,450.0,972.0,766.0,555.0,408.0,941.0,573.0,862.0,58.6,64.0,70.0
693.0,881.0,722.0,430.0,935.0,877.0,547.0,416.0,1108.0,665.0,846.0,56.5,72.09,81.41
641.0,903.0,769.0,389.0,909.0,748.0,487.0,415.0,981.0,597.0,881.0,49.3,66.33,72.55
708.0,887.0,780.0,470.0,995.0,757.0,567.0,410.0,1015.0,601.0,859.0,60.5,56.0,66.0
763.0,966.0,777.0,374.0,1090.0,753.0,628.0,412.0,989.0,553.0,891.0,70.6,54.85,70.92
743.0,929.0,800.0,405.0,930.0,688.0,561.0,392.0,924.0,554.0,867.0,52.9,60.0,75.0
758.0,924.0,754.0,431.0,920.0,679.0,522.0,405.0,878.0,494.0,858.0,53.4,59.55,73.5
1040.0,1042.0,902.0,442.0,1144.0,774.0,696.0,459.0,976.0,600.0,979.0,87.4,60.53,80.8
766.0,922.0,775.0,440.0,956.0,755.0,550.0,393.0,1008.0,575.0,894.0,60.8,67.05,72.84
705.0,905.0,732.0,417.0,975.0,726.0,562.0,411.0,927.0,563.0,860.0,55.5,58.0,67.0
756.0,884.0,735.0,422.0,1011.0,758.0,567.0,400.0,949.0,583.0,820.0,62.2,60.0,78.0
736.0,923.0,715.0,408.0,954.0,767.0,550.0,406.0,966.0,587.0,822.0,54.9,62.0,77.0
742.0,960.0,749.0,431.0,993.0,702.0,572.0,390.0,964.0,534.0,848.0,58.8,69.0,77.0
705.0,872.0,748.0,422.0,1035.0,770.0,596.0,390.0,977.0,595.0,856.0,61.6,64.0,75.0
1080.0,1202.0,996.0,490.0,1249.0,868.0,780.0,527.0,1183.0,641.0,1115.0,119.3,83.03,86.26
771.0,909.0,783.0,418.0,954.0,869.0,550.0,402.0,1067.0,616.0,864.0,59.7,69.27,81.05
778.0,956.0,770.0,414.0,916.0,710.0,533.0,412.0,948.0,579.0,911.0,56.1,71.0,78.0
792.0,1016.0,783.0,450.0,1037.0,685.0,610.0,409.0,964.0,545.0,913.0,68.5,64.0,76.0
932.0,1029.0,807.0,445.0,1069.0,827.0,609.0,435.0,1076.0,581.0,971.0,77.2,73.9,73.57
817.0,900.0,719.0,439.0,1026.0,770.0,599.0,396.0,985.0,583.0,855.0,63.4,64.0,64.0
791.0,894.0,782.0,418.0,1045.0,820.0,591.0,422.0,1058.0,595.0,902.0,63.6,62.1,86.79
803.0,965.0,801.0,433.0,997.0,747.0,569.0,408.0,964.0,571.0,897.0,62.6,62.0,71.0
725.0,912.0,766.0,414.0,966.0,873.0,544.0,401.0,1124.0,607.0,890.0,60.9,64.44,77.11
705.0,839.0,710.0,414.0,964.0,727.0,574.0,387.0,923.0,571.0,818.0,56.4,62.0,73.0
771.0,881.0,729.0,431.0,974.0,706.0,571.0,402.0,908.0,571.0,842.0,55.7,66.0,70.0
983.0,1062.0,883.0,469.0,1063.0,827.0,617.0,482.0,1079.0,626.0,1020.0,87.5,67.19,87.55
725.0,910.0,774.0,437.0,980.0,733.0,544.0,413.0,937.0,558.0,855.0,58.8,67.0,74.0
865.0,969.0,785.0,405.0,1035.0,739.0,625.0,433.0,983.0,616.0,930.0,63.9,66.0,74.0
886.0,1077.0,878.0,432.0,1105.0,781.0,660.0,444.0,1046.0,560.0,1005.0,79.2,65.95,74.41
669.0,825.0,715.0,426.0,938.0,766.0,507.0,392.0,977.0,586.0,777.0,51.7,60.0,66.0
897.0,995.0,884.0,445.0,1125.0,725.0,675.0,418.0,1025.0,600.0,944.0,76.6,74.0,77.0
730.0,938.0,774.0,392.0,888.0,728.0,518.0,402.0,943.0,515.0,879.0,52.4,59.93,76.86
758.0,849.0,692.0,426.0,950.0,816.0,504.0,382.0,1003.0,606.0,825.0,54.1,67.0,78.0
1030.0,1180.0,995.0,436.0,1134.0,795.0,568.0,452.0,1046.0,604.0,1070.0,91.0,74.39,95.32
722.0,829.0,678.0,435.0,918.0,762.0,498.0,375.0,948.0,563.0,816.0,51.2,63.0,69.0
747.0,862.0,754.0,411.0,970.0,737.0,557.0,402.0,960.0,531.0,818.0,55.7,57.28,78.19
729.0,903.0,780.0,450.0,1130.0,963.0,622.0,433.0,1257.0,669.0,870.0,79.2,74.45,81.95
667.0,784.0,671.0,434.0,892.0,785.0,489.0,393.0,967.0,580.0,790.0,49.6,66.0,76.0
703.0,901.0,738.0,408.0,990.0,728.0,561.0,379.0,928.0,553.0,854.0,55.6,70.0,78.0
823.0,819.0,734.0,410.0,896.0,819.0,520.0,396.0,1020.0,593.0,819.0,51.8,70.0,78.0
757.0,900.0,723.0,412.0,1040.0,746.0,625.0,405.0,983.0,572.0,819.0,61.9,74.0,81.0
737.0,841.0,711.0,419.0,957.0,752.0,531.0,400.0,960.0,584.0,798.0,51.8,64.0,71.0
755.0,895.0,806.0,477.0,1060.0,843.0,609.0,438.0,1113.0,595.0,914.0,71.1,77.12,89.3
737.0,925.0,783.0,433.0,1038.0,759.0,594.0,427.0,1010.0,569.0,904.0,65.9,70.17,82.12
797.0,817.0,701.0,414.0,934.0,826.0,501.0,398.0,973.0,628.0,809.0,51.8,76.0,83.0
774.0,951.0,812.0,420.0,972.0,793.0,553.0,404.0,1020.0,560.0,832.0,61.9,69.37,83.58
891.0,1066.0,926.0,477.0,1025.0,745.0,599.0,458.0,993.0,575.0,991.0,75.8,62.51,75.55
678.0,874.0,747.0,403.0,969.0,793.0,580.0,422.0,1055.0,595.0,855.0,60.0,61.34,75.71
765.0,994.0,795.0,422.0,1060.0,884.0,595.0,413.0,1161.0,640.0,937.0,70.7,64.03,86.41
720.0,860.0,743.0,400.0,1150.0,785.0,655.0,454.0,1069.0,612.0,866.0,73.0,66.0,82.0
1079.0,1112.0,925.0,498.0,1052.0,908.0,648.0,435.0,1105.0,657.0,996.0,88.5,70.09,78.99
762.0,923.0,791.0,444.0,1026.0,752.0,609.0,394.0,999.0,586.0,914.0,66.7,67.63,83.63
750.0,937.0,775.0,463.0,972.0,804.0,545.0,422.0,1046.0,573.0,902.0,60.0,63.52,80.17
767.0,932.0,758.0,426.0,1034.0,802.0,613.0,426.0,1031.0,580.0,894.0,63.1,58.02,71.3
724.0,904.0,793.0,444.0,1000.0,799.0,565.0,406.0,1053.0,603.0,844.0,60.9,69.63,88.96
880.0,1052.0,855.0,443.0,1061.0,788.0,627.0,449.0,1043.0,619.0,995.0,75.3,60.65,83.05
733.0,871.0,742.0,392.0,935.0,820.0,540.0,390.0,1009.0,572.0,834.0,51.0,69.03,78.91
1074.0,1216.0,996.0,472.0,1165.0,821.0,644.0,494.0,1051.0,642.0,1104.0,96.3,78.15,86.23
780.0,862.0,757.0,420.0,965.0,720.0,559.0,396.0,922.0,563.0,847.0,56.3,60.0,71.0
761.0,923.0,794.0,447.0,952.0,741.0,543.0,425.0,986.0,570.0,885.0,60.7,70.0,79.0
822.0,980.0,783.0,504.0,996.0,836.0,587.0,454.0,1084.0,633.0,948.0,69.6,66.92,82.44
940.0,990.0,787.0,441.0,1168.0,707.0,695.0,428.0,924.0,587.0,950.0,73.2,54.0,72.0
843.0,998.0,817.0,423.0,1000.0,800.0,576.0,457.0,1010.0,574.0,925.0,65.1,68.42,83.14
1104.0,1254.0,989.0,491.0,1244.0,823.0,686.0,444.0,1101.0,612.0,1138.0,103.4,62.09,71.8
897.0,1040.0,885.0,473.0,1032.0,755.0,622.0,424.0,1016.0,562.0,985.0,74.2,64.29,63.68
786.0,963.0,821.0,422.0,935.0,708.0,505.0,400.0,961.0,581.0,918.0,57.1,72.0,77.0
1153.0,1250.0,1035.0,480.0,1277.0,766.0,670.0,429.0,1015.0,534.0,1082.0,107.0,73.17,74.73
624.0,829.0,707.0,447.0,980.0,791.0,589.0,380.0,1038.0,563.0,776.0,57.6,58.0,72.0
685.0,898.0,760.0,373.0,924.0,809.0,492.0,402.0,1032.0,567.0,831.0,55.2,56.13,80.66
740.0,836.0,695.0,422.0,967.0,792.0,514.0,371.0,985.0,583.0,801.0,55.1,64.0,73.0
687.0,782.0,657.0,416.0,900.0,704.0,506.0,350.0,878.0,550.0,740.0,46.6,54.0,64.0
924.0,1120.0,976.0,522.0,1051.0,842.0,611.0,477.0,1058.0,628.0,1034.0,86.6,81.67,89.41
747.0,907.0,771.0,393.0,1069.0,809.0,635.0,451.0,1054.0,553.0,912.0,66.3,63.55,76.84
808.0,967.0,796.0,432.0,1088.0,796.0,624.0,441.0,1036.0,594.0,940.0,71.2,62.64,82.82
903.0,1041.0,874.0,462.0,1040.0,725.0,625.0,445.0,930.0,549.0,976.0,76.2,59.12,76.89
1080.0,1141.0,958.0,478.0,1210.0,860.0,728.0,443.0,1106.0,645.0,1036.0,100.7,78.49,85.46
722.0,815.0,694.0,420.0,915.0,750.0,520.0,394.0,964.0,571.0,832.0,49.6,64.0,75.0
885.0,1056.0,900.0,503.0,1164.0,872.0,650.0,440.0,1140.0,602.0,1022.0,84.0,66.09,89.58
755.0,906.0,748.0,461.0,970.0,867.0,543.0,441.0,1107.0,650.0,900.0,63.6,71.18,80.66
783.0,855.0,735.0,435.0,940.0,744.0,518.0,396.0,923.0,593.0,828.0,53.5,68.0,75.0
730.0,775.0,660.0,422.0,985.0,741.0,578.0,370.0,950.0,585.0,760.0,51.2,52.0,63.0
789.0,905.0,815.0,433.0,929.0,814.0,517.0,411.0,1020.0,601.0,872.0,55.7,57.22,74.17
1022.0,1141.0,945.0,481.0,1072.0,755.0,581.0,434.0,998.0,574.0,1034.0,81.4,64.38,84.45
662.0,858.0,764.0,447.0,940.0,891.0,494.0,423.0,1156.0,628.0,829.0,55.8,67.01,88.62
832.0,1005.0,897.0,495.0,1041.0,800.0,639.0,453.0,1049.0,570.0,979.0,78.2,66.36,89.01
727.0,862.0,695.0,453.0,911.0,845.0,487.0,397.0,1043.0,621.0,805.0,50.1,68.0,83.0
688.0,855.0,713.0,429.0,917.0,776.0,532.0,401.0,978.0,597.0,842.0,52.8,66.0,78.0
893.0,1065.0,848.0,456.0,1112.0,764.0,645.0,432.0,1005.0,535.0,988.0,79.1,71.6,75.32
1070.0,1180.0,950.0,475.0,1111.0,791.0,657.0,445.0,979.0,583.0,1108.0,95.6,65.45,71.9
677.0,816.0,683.0,417.0,936.0,747.0,534.0,391.0,970.0,594.0,785.0,50.5,67.0,80.0
732.0,944.0,753.0,396.0,1002.0,796.0,563.0,424.0,1023.0,567.0,869.0,60.3,64.28,86.14
754.0,999.0,856.0,424.0,1010.0,770.0,604.0,419.0,1002.0,565.0,964.0,66.2,63.26,79.92
1099.0,1191.0,980.0,445.0,1135.0,778.0,648.0,447.0,1039.0,606.0,1027.0,89.3,57.34,80.76
751.0,890.0,730.0,427.0,926.0,734.0,519.0,406.0,916.0,568.0,835.0,51.1,68.0,81.0
702.0,845.0,712.0,411.0,963.0,743.0,576.0,365.0,988.0,547.0,822.0,55.6,67.34,76.22
824.0,1032.0,849.0,426.0,1036.0,754.0,579.0,424.0,984.0,538.0,908.0,67.8,76.7,75.29
674.0,815.0,714.0,405.0,935.0,735.0,550.0,384.0,956.0,587.0,826.0,52.2,56.0,65.0
732.0,875.0,710.0,445.0,962.0,816.0,548.0,409.0,1013.0,588.0,828.0,56.8,60.0,74.0
975.0,1098.0,909.0,465.0,1060.0,732.0,600.0,459.0,995.0,531.0,959.0,79.0,67.19,80.54
687.0,835.0,728.0,395.0,810.0,785.0,470.0,399.0,973.0,576.0,781.0,44.4,58.0,70.0
734.0,857.0,700.0,397.0,955.0,744.0,549.0,395.0,936.0,580.0,808.0,51.9,60.0,69.0
1278.0,1373.0,1112.0,500.0,1206.0,832.0,635.0,505.0,1046.0,632.0,1157.0,111.7,65.46,83.37
749.0,945.0,804.0,430.0,1022.0,840.0,601.0,422.0,1087.0,583.0,910.0,68.3,74.49,87.93
694.0,861.0,742.0,447.0,941.0,749.0,545.0,434.0,966.0,596.0,884.0,56.8,64.0,77.0
980.0,1150.0,953.0,494.0,1153.0,813.0,681.0,457.0,1073.0,575.0,1095.0,91.2,68.16,76.71
1014.0,1092.0,921.0,452.0,1135.0,739.0,654.0,460.0,1014.0,573.0,1011.0,85.0,66.33,88.43
900.0,1141.0,876.0,444.0,1157.0,687.0,698.0,492.0,932.0,568.0,1028.0,80.9,63.0,71.0
747.0,902.0,773.0,431.0,1059.0,860.0,593.0,436.0,1118.0,639.0,892.0,69.1,74.15,89.06
832.0,960.0,798.0,504.0,997.0,711.0,594.0,377.0,931.0,533.0,926.0,64.2,70.5,72.45
820.0,950.0,770.0,420.0,972.0,711.0,532.0,430.0,964.0,586.0,915.0,57.3,54.0,69.0
747.0,971.0,747.0,435.0,1116.0,773.0,652.0,426.0,1028.0,582.0,907.0,73.1,63.52,75.98
794.0,794.0,705.0,416.0,961.0,763.0,548.0,384.0,930.0,587.0,787.0,50.4,62.0,71.0
821.0,980.0,805.0,426.0,1039.0,735.0,610.0,403.0,996.0,577.0,965.0,65.0,72.0,76.0
749.0,924.0,725.0,456.0,985.0,768.0,583.0,394.0,992.0,574.0,858.0,57.1,55.51,67.47
812.0,991.0,782.0,424.0,1013.0,808.0,584.0,414.0,1061.0,619.0,895.0,68.2,56.01,72.79
787.0,883.0,800.0,434.0,945.0,756.0,504.0,412.0,988.0,585.0,878.0,57.1,55.96,77.55
723.0,901.0,771.0,420.0,1006.0,762.0,547.0,425.0,1006.0,616.0,896.0,60.3,56.0,68.0
725.0,909.0,766.0,466.0,982.0,932.0,566.0,425.0,1218.0,656.0,877.0,69.1,82.6,87.99
735.0,855.0,686.0,430.0,951.0,795.0,545.0,395.0,1017.0,603.0,805.0,54.9,64.0,75.0
861.0,1050.0,885.0,461.0,1050.0,737.0,620.0,457.0,976.0,557.0,968.0,77.2,59.39,75.51
683.0,832.0,720.0,410.0,977.0,753.0,555.0,426.0,1005.0,590.0,841.0,55.2,66.0,73.0
724.0,821.0,728.0,415.0,909.0,808.0,502.0,390.0,999.0,609.0,816.0,53.7,64.0,76.0
953.0,1136.0,939.0,422.0,1227.0,781.0,769.0,488.0,1050.0,604.0,1039.0,95.4,66.91,86.04
790.0,883.0,748.0,415.0,983.0,751.0,550.0,392.0,976.0,578.0,839.0,58.0,67.51,67.56
916.0,1025.0,861.0,471.0,1096.0,745.0,639.0,458.0,988.0,547.0,954.0,74.1,64.0,75.68
776.0,923.0,813.0,422.0,1051.0,731.0,614.0,403.0,979.0,594.0,904.0,67.5,62.0,80.0
724.0,920.0,716.0,417.0,1021.0,737.0,601.0,409.0,1014.0,556.0,845.0,59.2,70.2,71.59
845.0,1010.0,853.0,464.0,1087.0,800.0,615.0,420.0,1064.0,565.0,980.0,75.7,72.38,87.91
851.0,1035.0,838.0,448.0,1177.0,795.0,665.0,456.0,1058.0,595.0,990.0,81.0,64.35,80.18
687.0,824.0,717.0,427.0,895.0,789.0,491.0,378.0,1013.0,584.0,806.0,50.6,69.13,75.83
910.0,1037.0,907.0,452.0,1035.0,685.0,590.0,423.0,970.0,562.0,957.0,66.0,58.0,72.0
671.0,857.0,749.0,428.0,952.0,807.0,548.0,398.0,1046.0,595.0,844.0,56.4,72.61,84.94
703.0,906.0,772.0,409.0,930.0,774.0,517.0,387.0,1002.0,603.0,860.0,54.9,62.0,74.0
826.0,1023.0,853.0,454.0,1047.0,803.0,613.0,426.0,1064.0,592.0,949.0,73.1,64.96,82.45
1008.0,1143.0,985.0,509.0,1211.0,799.0,698.0,503.0,1053.0,568.0,1018.0,96.2,72.51,79.43
727.0,914.0,770.0,431.0,1025.0,734.0,591.0,423.0,974.0,564.0,883.0,59.8,67.6,76.17
714.0,881.0,741.0,409.0,937.0,796.0,569.0,418.0,1020.0,556.0,857.0,59.4,80.71,89.21
892.0,957.0,791.0,436.0,1120.0,864.0,620.0,431.0,1105.0,612.0,905.0,80.0,67.93,81.88
795.0,902.0,747.0,453.0,1006.0,843.0,564.0,430.0,1093.0,632.0,875.0,63.6,68.0,82.0
916.0,1072.0,889.0,464.0,1005.0,715.0,546.0,442.0,983.0,560.0,983.0,64.8,62.97,69.09
792.0,1009.0,855.0,450.0,1085.0,751.0,619.0,438.0,997.0,608.0,971.0,71.7,55.88,89.81
828.0,1002.0,840.0,435.0,992.0,833.0,542.0,416.0,1079.0,618.0,942.0,72.1,66.23,84.43
792.0,849.0,730.0,436.0,974.0,800.0,512.0,384.0,961.0,629.0,823.0,56.0,62.0,70.0
734.0,841.0,720.0,420.0,1053.0,715.0,600.0,414.0,916.0,582.0,855.0,57.7,60.0,77.0
800.0,952.0,820.0,443.0,1072.0,802.0,633.0,440.0,1037.0,613.0,921.0,70.7,66.55,75.02
839.0,971.0,752.0,410.0,1056.0,772.0,596.0,441.0,1013.0,611.0,890.0,65.5,64.0,81.0
737.0,945.0,783.0,440.0,1086.0,802.0,663.0,426.0,1056.0,560.0,877.0,73.9,66.19,88.46
705.0,808.0,710.0,415.0,884.0,683.0,517.0,397.0,915.0,565.0,805.0,46.7,57.0,69.0
698.0,922.0,759.0,466.0,1100.0,812.0,603.0,377.0,1075.0,614.0,862.0,69.1,68.0,72.0
675.0,862.0,767.0,390.0,971.0,749.0,538.0,392.0,1003.0,567.0,850.0,54.5,63.07,82.95
771.0,863.0,767.0,435.0,986.0,724.0,576.0,412.0,969.0,570.0,858.0,58.6,59.0,74.0
928.0,1029.0,990.0,496.0,970.0,844.0,534.0,444.0,1038.0,615.0,1055.0,81.2,73.51,90.83
720.0,893.0,754.0,439.0,950.0,785.0,539.0,402.0,1030.0,619.0,840.0,55.9,61.0,73.0
643.0,870.0,711.0,440.0,998.0,717.0,555.0,384.0,967.0,544.0,805.0,54.3,56.0,70.0
867.0,1010.0,883.0,431.0,1050.0,759.0,607.0,406.0,1035.0,566.0,955.0,72.4,57.18,85.38
1033.0,1216.0,1052.0,480.0,1193.0,754.0,631.0,484.0,1011.0,597.0,1136.0,92.1,76.36,69.04
857.0,1002.0,830.0,458.0,1145.0,802.0,666.0,428.0,1052.0,604.0,905.0,78.4,62.51,84.32
633.0,830.0,680.0,409.0,868.0,700.0,506.0,384.0,894.0,529.0,804.0,43.3,56.0,61.0
747.0,889.0,731.0,414.0,961.0,706.0,553.0,412.0,944.0,541.0,858.0,56.2,58.0,64.0
695.0,839.0,707.0,405.0,914.0,781.0,530.0,405.0,1027.0,590.0,842.0,52.2,66.0,72.0
1200.0,1270.0,1066.0,546.0,1189.0,732.0,721.0,451.0,1014.0,570.0,1089.0,107.6,68.65,71.66
868.0,981.0,809.0,435.0,1060.0,831.0,564.0,408.0,1036.0,625.0,911.0,71.0,68.0,75.0
665.0,800.0,680.0,414.0,990.0,732.0,575.0,384.0,991.0,577.0,787.0,53.1,60.0,73.0
763.0,818.0,676.0,409.0,927.0,775.0,517.0,364.0,926.0,589.0,784.0,49.5,76.0,80.0
750.0,851.0,718.0,437.0,895.0,750.0,497.0,418.0,967.0,607.0,875.0,50.0,64.0,77.0
771.0,868.0,739.0,405.0,1030.0,830.0,559.0,426.0,1064.0,588.0,899.0,63.5,76.84,89.1
696.0,919.0,816.0,451.0,1000.0,777.0,587.0,387.0,1013.0,579.0,854.0,58.8,59.23,84.01
834.0,1006.0,795.0,415.0,1034.0,700.0,600.0,405.0,932.0,538.0,929.0,63.9,60.0,67.0
960.0,1149.0,971.0,466.0,1100.0,674.0,648.0,435.0,896.0,532.0,1038.0,82.0,67.85,82.28
651.0,850.0,733.0,446.0,995.0,722.0,570.0,411.0,1006.0,579.0,831.0,53.5,61.0,73.0
677.0,849.0,710.0,400.0,926.0,756.0,518.0,402.0,967.0,573.0,818.0,48.8,59.0,69.0
685.0,860.0,719.0,382.0,1019.0,802.0,582.0,420.0,1034.0,620.0,824.0,60.9,64.56,81.42
1135.0,1235.0,1013.0,489.0,1294.0,729.0,686.0,519.0,993.0,613.0,1059.0,90.9,58.94,70.51
781.0,971.0,794.0,469.0,1026.0,764.0,565.0,410.0,1008.0,585.0,876.0,64.5,68.0,83.0
905.0,1080.0,881.0,484.0,1075.0,814.0,637.0,434.0,1057.0,611.0,1002.0,77.7,72.94,81.73
658.0,853.0,749.0,412.0,978.0,794.0,530.0,419.0,1039.0,573.0,850.0,58.4,60.45,80.17
829.0,916.0,744.0,420.0,1029.0,771.0,610.0,407.0,981.0,575.0,869.0,65.7,56.0,75.0
855.0,991.0,827.0,475.0,1043.0,689.0,629.0,414.0,936.0,533.0,941.0,64.9,48.4,75.37
735.0,855.0,677.0,409.0,940.0,743.0,520.0,382.0,945.0,570.0,802.0,48.8,62.0,70.0
882.0,954.0,817.0,448.0,1162.0,787.0,675.0,427.0,1040.0,608.0,959.0,79.8,62.0,74.0
1005.0,1143.0,905.0,527.0,1214.0,845.0,720.0,444.0,1050.0,590.0,1043.0,97.1,62.22,87.84
1085.0,1150.0,945.0,454.0,1251.0,746.0,710.0,451.0,1058.0,585.0,1012.0,91.8,74.0,76.0
630.0,756.0,690.0,396.0,853.0,661.0,476.0,370.0,866.0,520.0,775.0,42.9,59.0,72.0
732.0,921.0,752.0,421.0,1004.0,763.0,606.0,430.0,1036.0,587.0,874.0,57.3,64.0,71.0
862.0,972.0,865.0,426.0,1119.0,752.0,659.0,420.0,979.0,573.0,953.0,69.9,61.51,63.15
652.0,825.0,695.0,470.0,925.0,786.0,510.0,394.0,999.0,604.0,829.0,50.5,56.0,74.0
880.0,878.0,777.0,417.0,1030.0,785.0,580.0,420.0,988.0,607.0,880.0,63.1,57.0,71.0
791.0,905.0,777.0,430.0,1105.0,789.0,646.0,441.0,1040.0,571.0,895.0,74.0,62.74,79.94
739.0,922.0,795.0,461.0,1050.0,814.0,622.0,432.0,1058.0,567.0,904.0,66.0,61.92,87.03
906.0,1080.0,970.0,451.0,1122.0,827.0,681.0,483.0,1090.0,611.0,1076.0,88.5,70.56,87.45
930.0,1095.0,895.0,475.0,1114.0,862.0,642.0,444.0,1070.0,619.0,1019.0,79.6,62.08,71.3
681.0,831.0,690.0,410.0,865.0,697.0,522.0,381.0,924.0,538.0,794.0,46.1,62.0,70.0
795.0,983.0,790.0,412.0,960.0,726.0,500.0,430.0,954.0,579.0,922.0,57.3,62.0,73.0
1189.0,1286.0,1082.0,515.0,1262.0,803.0,711.0,483.0,1050.0,580.0,1126.0,109.7,62.32,81.65
716.0,898.0,772.0,422.0,1003.0,828.0,573.0,410.0,1082.0,594.0,855.0,63.5,67.21,80.98
713.0,917.0,756.0,437.0,967.0,788.0,520.0,403.0,1034.0,592.0,870.0,58.6,67.91,76.69
634.0,840.0,748.0,425.0,920.0,752.0,497.0,409.0,994.0,594.0,854.0,50.3,64.0,80.0
840.0,985.0,779.0,435.0,1047.0,820.0,610.0,414.0,1051.0,636.0,922.0,70.6,59.89,80.53
730.0,834.0,688.0,442.0,999.0,828.0,545.0,386.0,1037.0,601.0,799.0,54.2,64.0,78.0
740.0,914.0,740.0,446.0,960.0,739.0,545.0,409.0,950.0,572.0,876.0,57.7,63.0,75.0
636.0,823.0,708.0,390.0,878.0,695.0,511.0,367.0,920.0,515.0,806.0,46.5,56.05,70.87
822.0,979.0,815.0,448.0,1082.0,791.0,623.0,448.0,1050.0,603.0,940.0,71.2,65.08,80.11
680.0,811.0,700.0,412.0,905.0,778.0,507.0,368.0,995.0,568.0,800.0,49.4,72.0,82.0
1047.0,1185.0,978.0,490.0,1100.0,717.0,630.0,508.0,1004.0,524.0,1124.0,92.5,71.14,82.6
752.0,900.0,734.0,425.0,990.0,726.0,570.0,397.0,953.0,586.0,834.0,57.8,63.0,69.0
1134.0,1261.0,1046.0,476.0,1198.0,717.0,716.0,503.0,1011.0,563.0,1106.0,102.0,66.95,60.3
814.0,960.0,805.0,440.0,960.0,704.0,580.0,406.0,942.0,560.0,937.0,61.2,68.0,78.0
842.0,951.0,758.0,427.0,950.0,802.0,527.0,419.0,1015.0,583.0,893.0,60.9,63.77,78.59
791.0,942.0,822.0,474.0,1008.0,882.0,607.0,429.0,1140.0,610.0,925.0,73.6,77.83,85.94
881.0,1036.0,870.0,433.0,1046.0,800.0,586.0,454.0,1083.0,619.0,970.0,75.4,64.0,75.0
702.0,858.0,738.0,419.0,937.0,724.0,540.0,393.0,934.0,535.0,825.0,50.1,60.0,75.0
783.0,949.0,804.0,421.0,1023.0,740.0,578.0,396.0,972.0,550.0,945.0,58.5,53.33,62.43
830.0,1004.0,872.0,470.0,1055.0,775.0,601.0,426.0,1006.0,557.0,967.0,71.8,62.27,82.24
784.0,928.0,840.0,410.0,1105.0,851.0,611.0,440.0,1088.0,623.0,918.0,72.0,72.07,88.15
681.0,859.0,709.0,424.0,909.0,694.0,524.0,400.0,924.0,552.0,825.0,49.5,56.0,71.0
800.0,995.0,813.0,417.0,1024.0,815.0,565.0,407.0,1076.0,577.0,910.0,67.0,64.2,86.38
788.0,914.0,772.0,459.0,1004.0,809.0,563.0,404.0,1034.0,609.0,864.0,66.3,76.0,82.0
792.0,798.0,690.0,425.0,988.0,796.0,545.0,395.0,1029.0,625.0,790.0,53.5,62.0,70.0
788.0,935.0,795.0,452.0,1072.0,825.0,611.0,452.0,1050.0,647.0,910.0,67.4,76.0,83.0
739.0,908.0,779.0,425.0,965.0,795.0,552.0,388.0,1038.0,590.0,870.0,60.4,52.03,77.45
783.0,959.0,761.0,421.0,1035.0,772.0,597.0,418.0,1005.0,583.0,891.0,64.6,58.85,77.53
