Age (Years),Reported Height (cm),Reported Weight (kg),Shoe Size NL,shape,ratio,Inverted Triangle,Rectangle,Triangle
37.0,203.0,85.0,46.0,Triangle,1.0740740740740742,0.0,0.0,1.0
21.0,185.0,72.0,44.5,Inverted Triangle,1.2344913151364765,1.0,0.0,0.0
19.6,185.0,85.0,43.5,Inverted Triangle,1.201111111111111,1.0,0.0,0.0
20.0,196.0,75.0,45.0,Inverted Triangle,1.1778319123020706,1.0,0.0,0.0
38.6,178.0,79.0,42.0,Inverted Triangle,1.3101265822784811,1.0,0.0,0.0
27.0,189.0,111.0,44.0,Rectangle,1.1330143540669857,0.0,1.0,0.0
39.9,172.0,67.0,43.0,Inverted Triangle,1.1711026615969582,1.0,0.0,0.0
50.0,169.0,68.0,41.0,Triangle,1.079295154185022,0.0,0.0,1.0
18.2,179.0,69.0,42.0,Rectangle,1.1670731707317072,0.0,1.0,0.0
58.0,180.0,89.0,42.0,Inverted Triangle,1.171578947368421,1.0,0.0,0.0
31.5,167.0,70.0,43.0,Inverted Triangle,1.1764705882352942,1.0,0.0,0.0
47.0,176.0,86.0,42.5,Triangle,1.1057591623036649,0.0,0.0,1.0
46.7,175.0,72.0,43.0,Triangle,1.0978627671541057,0.0,0.0,1.0
25.5,180.0,85.0,43.0,Rectangle,1.1664779161947905,0.0,1.0,0.0
60.0,168.0,71.0,38.0,Rectangle,1.165727170236753,0.0,1.0,0.0
39.0,180.0,86.0,42.0,Triangle,1.0874089490114465,0.0,0.0,1.0
29.0,179.0,72.0,42.0,Rectangle,1.1561382598331347,0.0,1.0,0.0
63.0,214.0,125.0,49.0,Triangle,1.075880758807588,0.0,0.0,1.0
43.0,175.0,60.0,38.0,Rectangle,1.1548731642189587,0.0,1.0,0.0
27.2,190.0,69.0,43.5,Inverted Triangle,1.3008130081300813,1.0,0.0,0.0
59.6,175.0,70.0,42.0,Triangle,0.9958333333333333,0.0,0.0,1.0
27.5,180.0,80.0,43.0,Inverted Triangle,1.1711924439197166,1.0,0.0,0.0
50.0,187.0,78.0,44.0,Rectangle,1.1371681415929205,0.0,1.0,0.0
36.0,188.0,115.0,44.0,Triangle,1.0720887245841035,0.0,0.0,1.0
25.4,177.0,71.0,40.5,Inverted Triangle,1.2688442211055277,1.0,0.0,0.0
48.0,171.0,78.0,41.0,Rectangle,1.1526548672566372,0.0,1.0,0.0
46.8,172.0,78.0,41.0,Inverted Triangle,1.20158550396376,1.0,0.0,0.0
44.7,168.0,70.0,42.0,Rectangle,1.1394557823129252,0.0,1.0,0.0
23.0,188.0,79.0,43.0,Inverted Triangle,1.2408759124087592,1.0,0.0,0.0
42.0,186.0,78.0,43.0,Inverted Triangle,1.180327868852459,1.0,0.0,0.0
32.0,180.0,81.0,42.0,Inverted Triangle,1.2147887323943662,1.0,0.0,0.0
32.0,176.0,81.0,43.0,Rectangle,1.1672597864768683,0.0,1.0,0.0
57.0,183.0,96.0,44.0,Triangle,1.0979228486646884,0.0,0.0,1.0
30.0,191.0,88.0,44.0,Rectangle,1.1570964247020585,0.0,1.0,0.0
27.0,187.0,80.0,42.5,Triangle,1.102923976608187,0.0,0.0,1.0
56.0,195.0,90.0,45.0,Triangle,1.0389473684210526,0.0,0.0,1.0
35.0,180.0,70.0,42.0,Inverted Triangle,1.1702702702702703,1.0,0.0,0.0
43.0,184.0,102.0,43.0,Triangle,1.0616698292220115,0.0,0.0,1.0
29.1,181.0,82.0,42.5,Inverted Triangle,1.1715909090909091,1.0,0.0,0.0
61.0,177.0,76.0,43.0,Triangle,1.077812828601472,0.0,0.0,1.0
24.3,170.0,80.0,42.5,Triangle,1.0752118644067796,0.0,0.0,1.0
47.0,169.0,102.0,41.0,Rectangle,1.1315261044176708,0.0,1.0,0.0
20.9,176.0,68.0,43.0,Inverted Triangle,1.2484237074401008,1.0,0.0,0.0
41.7,174.0,76.0,42.0,Triangle,1.0972067039106146,0.0,0.0,1.0
39.4,170.0,78.0,42.0,Inverted Triangle,1.2488532110091743,1.0,0.0,0.0
19.0,180.0,65.0,44.0,Inverted Triangle,1.2133152173913044,1.0,0.0,0.0
36.0,176.0,95.0,43.0,Triangle,1.0462873674059787,0.0,0.0,1.0
56.0,175.0,105.0,45.0,Triangle,1.0811320754716982,0.0,0.0,1.0
53.0,168.0,73.0,40.0,Inverted Triangle,1.1825221238938053,1.0,0.0,0.0
44.0,183.0,80.0,44.0,Rectangle,1.1537598204264872,0.0,1.0,0.0
39.0,178.0,85.0,42.0,Triangle,1.010377358490566,0.0,0.0,1.0
34.0,178.0,72.0,43.0,Inverted Triangle,1.2375152253349573,1.0,0.0,0.0
40.0,183.0,85.0,44.0,Triangle,1.0372608257804632,0.0,0.0,1.0
32.1,180.0,91.0,43.0,Triangle,1.0763747454175152,0.0,0.0,1.0
23.7,170.0,70.0,41.0,Inverted Triangle,1.2659033078880406,1.0,0.0,0.0
30.0,182.0,77.0,43.0,Inverted Triangle,1.2424242424242424,1.0,0.0,0.0
49.0,182.0,85.0,45.0,Rectangle,1.1494505494505494,0.0,1.0,0.0
22.0,182.0,72.0,42.0,Rectangle,1.1339285714285714,0.0,1.0,0.0
57.0,180.0,82.0,42.0,Inverted Triangle,1.2258426966292135,1.0,0.0,0.0
43.0,200.0,105.0,46.0,Triangle,1.0234741784037558,0.0,0.0,1.0
30.0,188.0,88.0,46.0,Rectangle,1.1224489795918366,0.0,1.0,0.0
60.0,195.0,112.0,44.0,Triangle,1.0868320610687023,0.0,0.0,1.0
55.4,177.0,76.0,40.0,Triangle,1.0421052631578946,0.0,0.0,1.0
21.5,180.0,69.0,42.0,Inverted Triangle,1.2603626943005182,1.0,0.0,0.0
56.7,178.0,82.0,42.5,Rectangle,1.1145833333333333,0.0,1.0,0.0
19.0,180.0,76.0,43.0,Rectangle,1.1289617486338799,0.0,1.0,0.0
29.0,182.0,63.0,42.0,Inverted Triangle,1.2760898282694848,1.0,0.0,0.0
30.0,186.0,70.0,42.0,Rectangle,1.1231470923603193,0.0,1.0,0.0
43.0,172.0,68.0,43.0,Inverted Triangle,1.1754385964912282,1.0,0.0,0.0
50.0,173.0,85.0,40.0,Rectangle,1.1213047910295617,0.0,1.0,0.0
24.0,183.0,90.0,43.0,Rectangle,1.1281512605042017,0.0,1.0,0.0
25.2,175.0,64.0,41.0,Rectangle,1.144853875476493,0.0,1.0,0.0
18.3,160.0,54.0,41.0,Inverted Triangle,1.213276836158192,1.0,0.0,0.0
62.0,179.0,80.0,43.0,Rectangle,1.14238042269188,0.0,1.0,0.0
33.0,187.0,83.0,43.0,Inverted Triangle,1.1942857142857144,1.0,0.0,0.0
20.0,180.0,65.0,42.0,Rectangle,1.1533505154639174,0.0,1.0,0.0
46.0,186.0,80.0,45.0,Rectangle,1.1277842907385698,0.0,1.0,0.0
21.0,186.0,84.0,43.0,Inverted Triangle,1.222490931076179,1.0,0.0,0.0
46.0,179.0,78.0,43.0,Rectangle,1.1428571428571428,0.0,1.0,0.0
22.7,163.0,55.0,39.0,Inverted Triangle,1.2391891891891893,1.0,0.0,0.0
26.0,183.0,79.0,43.0,Rectangle,1.1551925320886816,0.0,1.0,0.0
25.0,187.0,82.0,45.0,Inverted Triangle,1.1987730061349693,1.0,0.0,0.0
30.0,165.0,74.0,42.0,Triangle,1.0725893824485373,0.0,0.0,1.0
50.7,168.0,65.0,42.0,Triangle,1.1096045197740112,0.0,0.0,1.0
30.0,175.0,63.0,42.0,Inverted Triangle,1.2023047375160052,1.0,0.0,0.0
18.0,190.0,76.0,45.0,Inverted Triangle,1.1939252336448598,1.0,0.0,0.0
28.0,178.0,81.0,43.0,Rectangle,1.1114683815648445,0.0,1.0,0.0
60.3,176.0,81.0,43.5,Triangle,1.0717344753747324,0.0,0.0,1.0
40.4,170.0,80.0,41.5,Triangle,1.0658436213991769,0.0,0.0,1.0
41.0,178.0,79.0,42.0,Triangle,1.1065292096219932,0.0,0.0,1.0
22.2,165.0,73.0,41.0,Triangle,1.0856820744081173,0.0,0.0,1.0
50.0,186.0,100.0,44.0,Triangle,1.090297790585975,0.0,0.0,1.0
35.1,166.0,61.0,40.0,Inverted Triangle,1.2734375,1.0,0.0,0.0
52.0,172.0,89.0,42.0,Triangle,1.0641925777331995,0.0,0.0,1.0
51.0,188.0,86.0,42.0,Triangle,1.0550161812297734,0.0,0.0,1.0
35.2,170.0,62.0,39.0,Inverted Triangle,1.1917443408788282,1.0,0.0,0.0
28.8,170.0,57.0,39.0,Inverted Triangle,1.3024251069900143,1.0,0.0,0.0
28.1,181.5,73.0,43.5,Triangle,1.1042424242424242,0.0,0.0,1.0
51.2,167.0,81.0,40.0,Triangle,1.0211693548387097,0.0,0.0,1.0
50.0,163.0,70.0,41.0,Inverted Triangle,1.223529411764706,1.0,0.0,0.0
44.0,175.0,106.0,43.5,Triangle,1.0025641025641026,0.0,0.0,1.0
57.0,182.0,115.0,43.0,Triangle,0.99128160418483,0.0,0.0,1.0
54.0,176.0,103.0,42.0,Triangle,1.0385700846660395,0.0,0.0,1.0
52.5,168.0,82.0,40.0,Triangle,1.0526315789473684,0.0,0.0,1.0
21.0,190.0,75.0,45.0,Rectangle,1.1148491879350348,0.0,1.0,0.0
41.0,172.0,71.0,42.0,Inverted Triangle,1.2341463414634146,1.0,0.0,0.0
44.0,186.0,83.0,43.0,Rectangle,1.1557562076749435,0.0,1.0,0.0
33.8,175.0,71.0,42.0,Rectangle,1.1209580838323354,0.0,1.0,0.0
27.9,170.0,59.0,42.0,Inverted Triangle,1.305916305916306,1.0,0.0,0.0
53.0,170.0,72.0,40.0,Rectangle,1.1384274640088594,0.0,1.0,0.0
59.0,170.0,70.0,41.0,Triangle,0.9572916666666667,0.0,0.0,1.0
30.0,185.0,76.0,43.0,Triangle,1.0611551528878822,0.0,0.0,1.0
18.5,167.0,63.0,42.0,Inverted Triangle,1.193050193050193,1.0,0.0,0.0
22.6,170.0,60.0,42.0,Inverted Triangle,1.2079470198675497,1.0,0.0,0.0
24.8,177.0,75.0,43.0,Inverted Triangle,1.1901840490797546,1.0,0.0,0.0
20.0,184.0,70.0,42.0,Inverted Triangle,1.237913486005089,1.0,0.0,0.0
26.2,178.0,78.0,42.0,Inverted Triangle,1.2034285714285715,1.0,0.0,0.0
58.0,198.0,115.0,49.0,Triangle,1.0470588235294118,0.0,0.0,1.0
51.0,177.0,104.0,43.0,Triangle,1.1036970243462578,0.0,0.0,1.0
54.5,172.0,74.0,41.5,Triangle,1.0924276169265033,0.0,0.0,1.0
32.1,174.0,78.0,42.0,Rectangle,1.1221461187214612,0.0,1.0,0.0
55.0,182.0,69.0,41.0,Inverted Triangle,1.1962264150943396,1.0,0.0,0.0
22.2,186.0,66.0,42.5,Inverted Triangle,1.2755102040816326,1.0,0.0,0.0
60.0,183.0,90.0,43.0,Triangle,1.035860655737705,0.0,0.0,1.0
23.0,180.0,81.0,42.0,Triangle,1.0441810344827587,0.0,0.0,1.0
21.9,175.0,63.0,42.0,Inverted Triangle,1.3026134800550206,1.0,0.0,0.0
48.0,183.0,79.0,43.0,Rectangle,1.1217672413793103,0.0,1.0,0.0
18.9,172.0,64.0,42.5,Inverted Triangle,1.2663185378590078,1.0,0.0,0.0
18.0,185.0,60.0,43.0,Inverted Triangle,1.1759379042690814,1.0,0.0,0.0
61.0,182.0,65.0,41.0,Rectangle,1.1292682926829267,0.0,1.0,0.0
20.2,175.0,56.0,41.5,Inverted Triangle,1.2503681885125184,1.0,0.0,0.0
40.0,178.0,82.0,43.0,Triangle,1.063,0.0,0.0,1.0
27.1,172.0,66.0,42.0,Rectangle,1.1664611590628853,0.0,1.0,0.0
49.7,175.0,91.0,42.0,Triangle,1.037284894837476,0.0,0.0,1.0
21.0,179.0,67.0,41.0,Rectangle,1.1542227662178703,0.0,1.0,0.0
27.0,183.0,78.0,43.0,Triangle,1.1043771043771045,0.0,0.0,1.0
20.0,193.0,83.0,44.5,Inverted Triangle,1.1946386946386947,1.0,0.0,0.0
33.1,182.0,90.0,42.0,Inverted Triangle,1.2154340836012862,1.0,0.0,0.0
34.0,192.0,90.0,45.0,Inverted Triangle,1.2311886586695746,1.0,0.0,0.0
58.3,175.0,75.0,43.0,Triangle,1.0604453870625663,0.0,0.0,1.0
31.0,202.0,140.0,49.0,Triangle,0.9572446555819477,0.0,0.0,1.0
48.0,186.0,80.0,45.0,Triangle,1.0758241758241758,0.0,0.0,1.0
21.2,170.0,68.0,42.0,Triangle,1.0925925925925926,0.0,0.0,1.0
38.0,174.0,74.0,40.0,Rectangle,1.1208053691275168,0.0,1.0,0.0
20.0,173.0,65.0,41.0,Rectangle,1.1576158940397352,0.0,1.0,0.0
20.3,179.0,72.0,43.5,Inverted Triangle,1.2020075282308658,1.0,0.0,0.0
39.0,179.0,80.0,42.5,Rectangle,1.142110762800418,0.0,1.0,0.0
20.0,195.0,73.0,43.0,Triangle,1.0931315483119908,0.0,0.0,1.0
52.0,175.0,77.0,41.0,Triangle,1.1016042780748663,0.0,0.0,1.0
56.0,187.0,82.0,44.0,Rectangle,1.1331828442437923,0.0,1.0,0.0
60.0,171.0,77.0,40.0,Triangle,1.007423117709438,0.0,0.0,1.0
20.0,187.0,77.0,43.0,Rectangle,1.1604790419161677,0.0,1.0,0.0
21.0,198.0,75.0,45.0,Rectangle,1.1212814645308924,0.0,1.0,0.0
20.5,169.0,66.0,43.0,Rectangle,1.1610486891385767,0.0,1.0,0.0
40.0,178.0,61.0,40.0,Inverted Triangle,1.2520891364902507,1.0,0.0,0.0
27.0,189.0,85.0,42.0,Rectangle,1.1529933481152994,0.0,1.0,0.0
26.3,187.0,68.0,43.0,Rectangle,1.1634241245136188,0.0,1.0,0.0
35.0,181.0,83.0,42.0,Inverted Triangle,1.1701657458563537,1.0,0.0,0.0
20.6,170.0,63.0,42.0,Inverted Triangle,1.1773333333333333,1.0,0.0,0.0
33.7,174.0,74.0,42.5,Inverted Triangle,1.2105882352941177,1.0,0.0,0.0
26.0,191.0,104.0,42.0,Inverted Triangle,1.1929637526652452,1.0,0.0,0.0
36.5,184.0,82.0,43.0,Triangle,1.1080178173719377,0.0,0.0,1.0
51.0,190.0,98.0,44.0,Rectangle,1.16318407960199,0.0,1.0,0.0
48.0,191.0,98.0,43.0,Inverted Triangle,1.2112526539278132,1.0,0.0,0.0
41.0,175.0,78.0,41.0,Triangle,1.084639498432602,0.0,0.0,1.0
64.0,167.0,60.0,40.0,Triangle,1.088167053364269,0.0,0.0,1.0
48.0,188.0,93.0,44.0,Triangle,1.1080246913580247,0.0,0.0,1.0
48.0,180.0,110.0,42.0,Triangle,0.9656040268456376,0.0,0.0,1.0
27.0,178.0,74.0,43.0,Rectangle,1.1658653846153846,0.0,1.0,0.0
40.0,203.0,115.0,46.0,Triangle,1.108803165182987,0.0,0.0,1.0
26.3,182.0,83.0,42.5,Inverted Triangle,1.311960542540074,1.0,0.0,0.0
46.2,175.0,68.0,42.5,Inverted Triangle,1.176761433868974,1.0,0.0,0.0
36.5,186.0,82.0,42.0,Inverted Triangle,1.1891891891891893,1.0,0.0,0.0
35.3,172.0,77.0,41.0,Triangle,1.09954233409611,0.0,0.0,1.0
51.0,195.0,90.0,45.0,Triangle,1.0417910447761194,0.0,0.0,1.0
43.0,185.0,69.0,44.0,Triangle,1.08584686774942,0.0,0.0,1.0
36.0,187.0,135.0,46.0,Triangle,1.097581317764804,0.0,0.0,1.0
19.8,168.0,56.0,42.0,Inverted Triangle,1.2466307277628033,1.0,0.0,0.0
20.0,175.0,60.0,42.0,Rectangle,1.1494252873563218,0.0,1.0,0.0
25.0,178.0,62.0,42.0,Rectangle,1.14238042269188,0.0,1.0,0.0
24.0,181.0,74.0,43.0,Triangle,1.1090047393364928,0.0,0.0,1.0
39.0,168.0,67.0,42.0,Triangle,1.0218818380743981,0.0,0.0,1.0
62.0,163.0,68.0,41.0,Triangle,1.0904079382579934,0.0,0.0,1.0
30.6,173.0,70.0,41.0,Inverted Triangle,1.1965811965811965,1.0,0.0,0.0
19.0,183.0,75.0,42.0,Inverted Triangle,1.171604938271605,1.0,0.0,0.0
18.5,178.0,67.0,42.0,Inverted Triangle,1.1776315789473684,1.0,0.0,0.0
37.0,188.0,100.0,45.0,Triangle,1.0855721393034825,0.0,0.0,1.0
24.0,176.0,78.0,42.0,Inverted Triangle,1.18997668997669,1.0,0.0,0.0
32.0,184.0,100.0,45.0,Inverted Triangle,1.312572087658593,1.0,0.0,0.0
29.0,193.0,77.0,45.0,Inverted Triangle,1.3400537634408602,1.0,0.0,0.0
18.0,190.0,75.0,44.5,Rectangle,1.1666666666666667,0.0,1.0,0.0
57.0,181.0,70.0,43.0,Triangle,1.0479666319082377,0.0,0.0,1.0
46.0,198.0,100.0,46.0,Triangle,1.087790110998991,0.0,0.0,1.0
42.7,173.0,75.0,43.0,Rectangle,1.1428571428571428,0.0,1.0,0.0
18.8,165.0,63.0,40.5,Inverted Triangle,1.2340136054421769,1.0,0.0,0.0
33.0,190.0,85.0,45.0,Inverted Triangle,1.2425968109339407,1.0,0.0,0.0
36.7,174.0,75.0,39.0,Triangle,1.0954545454545455,0.0,0.0,1.0
30.0,185.0,78.0,43.0,Rectangle,1.1573849878934626,0.0,1.0,0.0
26.0,173.0,70.0,42.0,Inverted Triangle,1.2106567534076829,1.0,0.0,0.0
18.9,175.0,60.0,41.0,Triangle,1.1055900621118013,0.0,0.0,1.0
39.0,198.0,104.0,47.0,Triangle,1.0537313432835822,0.0,0.0,1.0
20.0,178.0,78.0,43.0,Rectangle,1.1244186046511628,0.0,1.0,0.0
20.8,176.0,78.0,43.5,Rectangle,1.152793614595211,0.0,1.0,0.0
21.7,180.0,85.0,42.5,Triangle,1.094240837696335,0.0,0.0,1.0
23.4,182.0,71.0,42.0,Inverted Triangle,1.2320777642770353,1.0,0.0,0.0
38.1,185.0,86.0,43.0,Inverted Triangle,1.1950394588500564,1.0,0.0,0.0
33.9,179.0,75.0,42.0,Inverted Triangle,1.2082294264339153,1.0,0.0,0.0
19.0,187.0,80.0,46.0,Inverted Triangle,1.2246642246642248,1.0,0.0,0.0
20.0,177.0,90.0,43.5,Rectangle,1.1424116424116424,0.0,1.0,0.0
30.9,177.0,87.0,43.0,Inverted Triangle,1.2145214521452146,1.0,0.0,0.0
20.0,178.0,69.0,42.0,Inverted Triangle,1.201995012468828,1.0,0.0,0.0
31.2,180.0,72.0,43.0,Inverted Triangle,1.2086614173228347,1.0,0.0,0.0
19.0,195.0,85.0,46.0,Triangle,1.0912951167728238,0.0,0.0,1.0
48.0,176.0,85.0,42.0,Triangle,1.088740458015267,0.0,0.0,1.0
56.0,192.0,100.0,48.0,Rectangle,1.1227887617065557,0.0,1.0,0.0
33.0,186.0,73.0,43.0,Inverted Triangle,1.22625,1.0,0.0,0.0
19.0,185.0,70.0,44.0,Triangle,1.0838926174496644,0.0,0.0,1.0
32.6,173.0,80.0,43.0,Inverted Triangle,1.2554824561403508,1.0,0.0,0.0
27.0,183.0,74.0,41.0,Inverted Triangle,1.171358629130967,1.0,0.0,0.0
35.2,169.0,79.0,42.0,Triangle,1.0686695278969958,0.0,0.0,1.0
23.0,196.0,102.7,46.0,Triangle,1.0810536980749748,0.0,0.0,1.0
21.0,179.0,68.0,41.0,Rectangle,1.114002478314746,0.0,1.0,0.0
52.0,175.0,85.0,43.0,Rectangle,1.1291005291005292,0.0,1.0,0.0
43.0,196.0,100.0,48.0,Triangle,1.0086872586872586,0.0,0.0,1.0
24.1,173.0,67.0,42.0,Inverted Triangle,1.2025316455696202,1.0,0.0,0.0
47.0,178.0,71.0,43.0,Rectangle,1.1565113500597373,0.0,1.0,0.0
20.4,174.0,71.0,42.0,Inverted Triangle,1.1749049429657794,1.0,0.0,0.0
60.3,150.0,59.0,38.0,Rectangle,1.1116504854368932,0.0,1.0,0.0
33.0,175.0,80.0,42.0,Triangle,1.09534127843987,0.0,0.0,1.0
27.0,191.0,75.0,42.0,Rectangle,1.158403869407497,0.0,1.0,0.0
51.0,186.0,92.5,44.0,Triangle,1.0163304514889528,0.0,0.0,1.0
43.0,191.0,98.0,46.0,Rectangle,1.1139896373056994,0.0,1.0,0.0
38.0,186.0,70.0,43.0,Inverted Triangle,1.206060606060606,1.0,0.0,0.0
38.0,188.0,83.0,43.0,Triangle,1.1093394077448746,0.0,0.0,1.0
22.8,179.0,73.0,43.0,Inverted Triangle,1.2952853598014888,1.0,0.0,0.0
43.0,168.0,70.0,41.0,Inverted Triangle,1.1790123456790123,1.0,0.0,0.0
18.5,175.0,60.0,42.0,Rectangle,1.1655629139072847,0.0,1.0,0.0
36.0,172.0,70.0,41.0,Triangle,1.0805523590333717,0.0,0.0,1.0
34.0,192.0,92.0,46.0,Rectangle,1.1180931744312026,0.0,1.0,0.0
41.0,180.0,75.0,44.0,Triangle,1.0661434977578474,0.0,0.0,1.0
29.0,180.0,72.0,42.0,Rectangle,1.1578947368421053,0.0,1.0,0.0
22.0,196.0,80.0,45.0,Rectangle,1.1214528944381386,0.0,1.0,0.0
23.0,183.0,61.0,43.0,Inverted Triangle,1.1763157894736842,1.0,0.0,0.0
25.0,186.0,77.0,44.0,Inverted Triangle,1.2131578947368422,1.0,0.0,0.0
32.0,196.0,90.0,46.0,Rectangle,1.1243628950050968,0.0,1.0,0.0
30.0,190.0,96.0,43.0,Rectangle,1.1109989909182645,0.0,1.0,0.0
60.0,178.0,72.0,42.0,Rectangle,1.1126436781609195,0.0,1.0,0.0
55.4,173.0,78.0,41.0,Triangle,1.101063829787234,0.0,0.0,1.0
45.1,170.0,68.0,41.0,Triangle,1.0601589103291713,0.0,0.0,1.0
23.0,182.0,69.0,43.0,Inverted Triangle,1.259872611464968,1.0,0.0,0.0
27.0,202.0,90.0,45.0,Triangle,1.0991379310344827,0.0,0.0,1.0
18.8,177.0,62.0,43.5,Inverted Triangle,1.2551724137931035,1.0,0.0,0.0
53.0,176.0,87.0,42.0,Inverted Triangle,1.178844056706652,1.0,0.0,0.0
19.1,175.0,63.0,41.5,Rectangle,1.1329032258064515,0.0,1.0,0.0
22.0,184.0,70.0,44.0,Inverted Triangle,1.220316622691293,1.0,0.0,0.0
38.0,175.0,75.0,43.0,Inverted Triangle,1.2156398104265402,1.0,0.0,0.0
22.0,197.5,95.0,46.0,Triangle,1.0069860279441119,0.0,0.0,1.0
31.9,168.0,80.0,40.5,Triangle,1.0881720430107527,0.0,0.0,1.0
26.0,180.0,82.0,43.0,Inverted Triangle,1.2052752293577982,1.0,0.0,0.0
23.0,192.0,105.0,45.0,Triangle,1.0056179775280898,0.0,0.0,1.0
21.0,178.0,68.0,42.0,Rectangle,1.1614077669902914,0.0,1.0,0.0
40.0,194.0,82.0,44.0,Triangle,1.0527426160337552,0.0,0.0,1.0
55.0,182.0,73.0,42.0,Inverted Triangle,1.2344740177439797,1.0,0.0,0.0
43.0,182.0,84.0,44.0,Inverted Triangle,1.2194285714285715,1.0,0.0,0.0
22.2,170.0,63.0,42.0,Inverted Triangle,1.2076433121019108,1.0,0.0,0.0
30.0,182.0,77.0,44.0,Inverted Triangle,1.2147165259348613,1.0,0.0,0.0
64.3,180.0,81.0,43.5,Rectangle,1.1629711751662972,0.0,1.0,0.0
23.0,182.0,66.0,43.5,Inverted Triangle,1.1914634146341463,1.0,0.0,0.0
46.0,168.0,78.0,42.0,Rectangle,1.1378205128205128,0.0,1.0,0.0
21.0,175.0,50.0,40.0,Inverted Triangle,1.2287390029325513,1.0,0.0,0.0
42.2,172.0,78.0,42.5,Triangle,1.1005464480874316,0.0,0.0,1.0
29.0,195.0,116.0,46.0,Rectangle,1.1223506743737957,0.0,1.0,0.0
19.7,176.0,60.0,43.0,Rectangle,1.1217391304347826,0.0,1.0,0.0
28.0,177.0,68.0,42.0,Rectangle,1.136200716845878,0.0,1.0,0.0
37.0,190.0,100.0,47.0,Triangle,1.0,0.0,0.0,1.0
34.0,205.0,100.0,47.0,Inverted Triangle,1.280373831775701,1.0,0.0,0.0
26.0,184.0,61.0,43.0,Inverted Triangle,1.288702928870293,1.0,0.0,0.0
30.0,187.0,80.0,42.0,Triangle,0.9969635627530364,0.0,0.0,1.0
65.0,170.0,92.0,41.0,Rectangle,1.138751238850347,0.0,1.0,0.0
27.1,174.0,73.0,42.0,Rectangle,1.1418994413407821,0.0,1.0,0.0
22.0,190.0,78.0,45.0,Rectangle,1.1148325358851674,0.0,1.0,0.0
38.0,165.0,59.0,41.0,Inverted Triangle,1.2228047182175623,1.0,0.0,0.0
38.0,178.0,75.0,43.0,Triangle,1.0963045912653975,0.0,0.0,1.0
39.0,169.0,62.0,41.0,Inverted Triangle,1.2196452933151432,1.0,0.0,0.0
37.0,184.0,110.0,44.0,Rectangle,1.1146744412050535,0.0,1.0,0.0
53.1,172.0,66.0,42.0,Rectangle,1.1448275862068966,0.0,1.0,0.0
41.0,175.0,75.0,40.0,Inverted Triangle,1.2014833127317677,1.0,0.0,0.0
29.3,168.0,87.0,41.0,Inverted Triangle,1.302857142857143,1.0,0.0,0.0
49.0,183.0,95.0,43.0,Triangle,1.0811623246492985,0.0,0.0,1.0
60.0,175.0,98.0,42.0,Rectangle,1.1177052423343226,0.0,1.0,0.0
20.0,175.0,60.0,41.0,Rectangle,1.1619537275064267,0.0,1.0,0.0
21.9,177.0,57.0,43.0,Inverted Triangle,1.1770700636942675,1.0,0.0,0.0
38.0,193.0,75.0,44.0,Inverted Triangle,1.234375,1.0,0.0,0.0
41.8,167.0,70.0,42.0,Rectangle,1.1399548532731376,0.0,1.0,0.0
42.0,204.0,125.0,48.0,Rectangle,1.1239669421487604,0.0,1.0,0.0
57.8,161.0,76.0,38.0,Inverted Triangle,1.1731374606505771,1.0,0.0,0.0
22.5,175.0,65.0,43.5,Inverted Triangle,1.227390180878553,1.0,0.0,0.0
46.0,191.0,78.0,45.0,Triangle,1.0746791131855309,0.0,0.0,1.0
19.5,170.0,60.0,42.5,Rectangle,1.1251564455569463,0.0,1.0,0.0
26.6,175.0,80.0,43.0,Rectangle,1.1670403587443947,0.0,1.0,0.0
59.5,174.0,70.0,41.5,Triangle,1.0982857142857143,0.0,0.0,1.0
27.8,173.0,68.0,39.5,Inverted Triangle,1.198055893074119,1.0,0.0,0.0
19.8,175.0,70.0,42.5,Inverted Triangle,1.1798029556650247,1.0,0.0,0.0
23.4,180.0,67.0,42.0,Inverted Triangle,1.273209549071618,1.0,0.0,0.0
53.0,168.0,85.0,42.0,Triangle,1.1027837259100643,0.0,0.0,1.0
22.0,189.0,70.0,44.0,Rectangle,1.16270337922403,0.0,1.0,0.0
48.0,173.0,80.0,42.0,Rectangle,1.1198208286674132,0.0,1.0,0.0
39.0,175.0,69.0,43.0,Inverted Triangle,1.1865482233502538,1.0,0.0,0.0
57.0,176.0,105.0,44.0,Triangle,1.0321100917431192,0.0,0.0,1.0
23.0,186.0,70.0,44.0,Inverted Triangle,1.2075471698113207,1.0,0.0,0.0
18.0,196.0,73.0,46.0,Triangle,1.079950799507995,0.0,0.0,1.0
60.4,169.0,77.0,42.0,Rectangle,1.1119023397761953,0.0,1.0,0.0
49.0,185.0,82.0,43.0,Triangle,1.0874316939890711,0.0,0.0,1.0
25.0,170.0,55.0,40.0,Triangle,1.1058981233243967,0.0,0.0,1.0
32.6,165.0,54.0,39.0,Inverted Triangle,1.2886297376093294,1.0,0.0,0.0
34.0,179.0,90.0,42.0,Rectangle,1.1117824773413898,0.0,1.0,0.0
28.0,180.0,75.0,43.0,Inverted Triangle,1.2151898734177216,1.0,0.0,0.0
39.0,182.0,98.0,42.0,Rectangle,1.1303482587064677,0.0,1.0,0.0
44.0,176.0,70.0,41.0,Triangle,1.0697412823397074,0.0,0.0,1.0
25.0,179.0,77.0,43.0,Rectangle,1.134684147794994,0.0,1.0,0.0
18.5,173.0,71.0,43.0,Inverted Triangle,1.3078880407124682,1.0,0.0,0.0
24.0,183.0,75.0,42.0,Triangle,1.0984162895927603,0.0,0.0,1.0
27.0,183.0,78.0,41.0,Triangle,1.100966702470462,0.0,0.0,1.0
46.8,169.0,74.0,41.0,Triangle,1.1013215859030836,0.0,0.0,1.0
26.2,175.0,70.0,42.5,Inverted Triangle,1.203955500618047,1.0,0.0,0.0
22.0,188.0,87.0,44.0,Rectangle,1.1437699680511182,0.0,1.0,0.0
20.4,181.0,63.0,43.0,Inverted Triangle,1.3102981029810299,1.0,0.0,0.0
58.0,178.0,95.0,42.0,Triangle,1.0520340586565753,0.0,0.0,1.0
20.0,190.0,90.0,45.0,Inverted Triangle,1.1737704918032787,1.0,0.0,0.0
36.4,168.0,66.0,40.0,Inverted Triangle,1.2048040455120101,1.0,0.0,0.0
27.1,173.0,71.0,42.5,Inverted Triangle,1.2207317073170731,1.0,0.0,0.0
28.4,180.0,85.0,43.0,Rectangle,1.131729667812142,0.0,1.0,0.0
52.0,180.0,85.0,41.0,Triangle,1.0768431983385254,0.0,0.0,1.0
62.0,180.0,90.0,41.0,Triangle,1.0067829457364341,0.0,0.0,1.0
20.2,170.0,68.0,43.5,Inverted Triangle,1.1925,1.0,0.0,0.0
23.7,186.0,75.0,43.5,Inverted Triangle,1.2958280657395702,1.0,0.0,0.0
38.9,174.0,80.0,42.0,Inverted Triangle,1.2942583732057416,1.0,0.0,0.0
25.0,178.0,81.0,43.0,Rectangle,1.1147186147186148,0.0,1.0,0.0
26.0,200.0,92.0,47.0,Inverted Triangle,1.2151898734177216,1.0,0.0,0.0
53.0,175.0,60.0,39.0,Inverted Triangle,1.1930232558139535,1.0,0.0,0.0
24.4,175.0,66.2,42.0,Rectangle,1.1268115942028984,0.0,1.0,0.0
26.3,173.0,65.0,43.5,Inverted Triangle,1.2653333333333334,1.0,0.0,0.0
46.0,184.0,85.0,44.0,Triangle,1.0212765957446808,0.0,0.0,1.0
29.0,175.0,80.0,41.0,Rectangle,1.116461366181411,0.0,1.0,0.0
55.0,172.0,94.0,42.0,Inverted Triangle,1.1876955161626694,1.0,0.0,0.0
30.2,183.0,76.0,42.0,Rectangle,1.129220023282887,0.0,1.0,0.0
44.4,172.0,78.0,42.5,Triangle,1.0888888888888888,0.0,0.0,1.0
35.0,173.0,69.0,40.0,Rectangle,1.1601382488479262,0.0,1.0,0.0
56.4,175.0,97.0,43.0,Triangle,1.0395010395010396,0.0,0.0,1.0
20.0,186.0,66.0,42.5,Rectangle,1.1415701415701416,0.0,1.0,0.0
43.0,175.0,79.0,44.0,Triangle,1.097452934662237,0.0,0.0,1.0
32.7,175.0,77.0,42.0,Inverted Triangle,1.3283018867924528,1.0,0.0,0.0
38.0,190.0,65.0,46.0,Rectangle,1.1243781094527363,0.0,1.0,0.0
24.0,172.0,59.0,42.0,Inverted Triangle,1.2222222222222223,1.0,0.0,0.0
45.0,185.0,104.0,43.5,Triangle,1.0620300751879699,0.0,0.0,1.0
50.0,175.0,75.0,43.0,Inverted Triangle,1.196642685851319,1.0,0.0,0.0
41.0,182.0,85.0,43.0,Inverted Triangle,1.2414201183431952,1.0,0.0,0.0
19.5,177.0,62.0,42.5,Inverted Triangle,1.3143631436314362,1.0,0.0,0.0
25.8,162.0,52.0,40.0,Inverted Triangle,1.2870229007633587,1.0,0.0,0.0
20.5,176.0,72.0,42.5,Rectangle,1.1618569636135507,0.0,1.0,0.0
37.3,174.0,79.0,43.0,Rectangle,1.1618497109826589,0.0,1.0,0.0
18.0,186.0,67.0,41.0,Inverted Triangle,1.2556894243641232,1.0,0.0,0.0
29.0,190.0,76.0,43.0,Rectangle,1.136255924170616,0.0,1.0,0.0
53.0,173.0,62.0,39.0,Inverted Triangle,1.199248120300752,1.0,0.0,0.0
42.0,185.0,91.0,44.0,Triangle,1.0496828752642706,0.0,0.0,1.0
38.0,176.0,63.0,41.0,Triangle,1.0835351089588379,0.0,0.0,1.0
19.0,183.0,65.0,43.0,Rectangle,1.141263940520446,0.0,1.0,0.0
21.0,181.0,89.0,42.0,Inverted Triangle,1.1875,1.0,0.0,0.0
53.0,173.0,97.0,43.0,Triangle,1.0972477064220183,0.0,0.0,1.0
34.0,178.0,96.0,42.0,Triangle,1.0870010235414533,0.0,0.0,1.0
25.3,179.0,85.0,42.5,Rectangle,1.1545945945945946,0.0,1.0,0.0
42.0,207.0,130.0,49.0,Triangle,1.051235132662397,0.0,0.0,1.0
21.0,197.0,95.0,46.0,Triangle,1.0788126919140226,0.0,0.0,1.0
35.6,170.0,69.0,42.0,Inverted Triangle,1.2369077306733167,1.0,0.0,0.0
35.8,173.0,90.0,43.0,Triangle,1.083248730964467,0.0,0.0,1.0
38.0,182.0,81.0,42.0,Rectangle,1.1406593406593406,0.0,1.0,0.0
21.0,187.0,75.0,43.0,Rectangle,1.1176470588235294,0.0,1.0,0.0
26.0,195.0,70.0,42.0,Triangle,1.0902612826603326,0.0,0.0,1.0
30.8,177.0,70.0,42.0,Rectangle,1.1612121212121211,0.0,1.0,0.0
20.8,176.0,73.0,41.5,Rectangle,1.1242460796139928,0.0,1.0,0.0
53.0,190.0,82.0,44.0,Rectangle,1.1132075471698113,0.0,1.0,0.0
39.0,207.0,125.0,48.0,Triangle,1.018918918918919,0.0,0.0,1.0
23.0,174.0,69.0,43.0,Inverted Triangle,1.2010443864229765,1.0,0.0,0.0
44.0,187.0,84.0,44.5,Rectangle,1.1120783460282917,0.0,1.0,0.0
25.9,176.0,65.0,41.5,Inverted Triangle,1.2682602921646746,1.0,0.0,0.0
47.6,180.0,89.0,43.5,Triangle,1.0852390852390852,0.0,0.0,1.0
29.0,183.0,72.0,41.0,Triangle,1.1010830324909748,0.0,0.0,1.0
40.5,180.0,80.0,41.0,Inverted Triangle,1.2114485981308412,1.0,0.0,0.0
21.9,174.0,68.0,40.0,Rectangle,1.140947752126367,0.0,1.0,0.0
32.3,173.0,79.0,41.0,Inverted Triangle,1.1843891402714932,1.0,0.0,0.0
48.0,185.0,78.0,43.0,Rectangle,1.114025085518814,0.0,1.0,0.0
22.0,180.0,60.0,42.0,Inverted Triangle,1.2489019033674964,1.0,0.0,0.0
19.5,177.0,68.0,41.0,Inverted Triangle,1.230263157894737,1.0,0.0,0.0
62.0,181.0,70.0,42.0,Triangle,1.0079545454545455,0.0,0.0,1.0
64.0,170.0,55.0,41.0,Rectangle,1.158831003811944,0.0,1.0,0.0
22.4,180.0,69.0,39.5,Inverted Triangle,1.2131578947368422,1.0,0.0,0.0
45.0,181.0,110.0,45.0,Rectangle,1.1397423191278493,0.0,1.0,0.0
40.0,203.0,80.0,47.5,Triangle,0.9989517819706499,0.0,0.0,1.0
58.0,182.0,103.0,44.0,Triangle,0.9822335025380711,0.0,0.0,1.0
30.3,175.0,72.0,42.0,Rectangle,1.156019656019656,0.0,1.0,0.0
51.0,165.0,93.0,42.0,Triangle,1.0137254901960784,0.0,0.0,1.0
31.0,188.0,72.0,44.0,Inverted Triangle,1.2329113924050632,1.0,0.0,0.0
21.0,174.0,72.0,42.0,Inverted Triangle,1.170316301703163,1.0,0.0,0.0
48.0,183.0,72.0,43.0,Rectangle,1.1233842538190364,0.0,1.0,0.0
20.0,190.0,86.0,46.0,Triangle,1.078918918918919,0.0,0.0,1.0
35.0,175.0,70.0,43.0,Rectangle,1.1538461538461537,0.0,1.0,0.0
57.0,167.0,69.0,41.0,Triangle,1.0372670807453417,0.0,0.0,1.0
36.8,180.0,80.0,42.0,Triangle,1.0898876404494382,0.0,0.0,1.0
29.4,173.0,85.0,43.0,Rectangle,1.1448202959830867,0.0,1.0,0.0
19.0,185.0,68.0,43.0,Inverted Triangle,1.3093622795115332,1.0,0.0,0.0
20.0,171.0,80.0,43.0,Triangle,1.1099020674646354,0.0,0.0,1.0
25.1,169.0,77.0,41.0,Triangle,1.039003250270856,0.0,0.0,1.0
49.0,184.0,95.0,43.0,Rectangle,1.118811881188119,0.0,1.0,0.0
18.6,165.0,55.0,41.5,Rectangle,1.1395061728395062,0.0,1.0,0.0
29.0,181.0,75.0,42.0,Rectangle,1.1130247578040904,0.0,1.0,0.0
20.0,195.0,86.0,46.0,Inverted Triangle,1.1830663615560641,1.0,0.0,0.0
23.8,175.0,85.0,43.0,Inverted Triangle,1.1888111888111887,1.0,0.0,0.0
25.0,174.0,68.0,41.0,Triangle,1.0875299760191846,0.0,0.0,1.0
37.0,172.5,59.0,39.0,Rectangle,1.126547455295736,0.0,1.0,0.0
25.0,182.0,65.0,41.5,Inverted Triangle,1.1845764854614411,1.0,0.0,0.0
57.0,182.0,84.0,43.0,Triangle,1.0984126984126985,0.0,0.0,1.0
36.0,190.0,90.0,44.0,Rectangle,1.1240560949298812,0.0,1.0,0.0
43.0,185.0,85.0,43.0,Rectangle,1.111231101511879,0.0,1.0,0.0
51.0,190.0,130.0,47.0,Triangle,0.9937007874015747,0.0,0.0,1.0
51.0,186.0,95.0,45.0,Triangle,1.084372003835091,0.0,0.0,1.0
28.0,168.0,61.0,40.0,Inverted Triangle,1.2296195652173914,1.0,0.0,0.0
46.0,180.0,75.0,42.0,Rectangle,1.139344262295082,0.0,1.0,0.0
50.0,171.0,68.0,41.0,Inverted Triangle,1.1975308641975309,1.0,0.0,0.0
38.0,186.0,76.0,41.5,Inverted Triangle,1.1777251184834123,1.0,0.0,0.0
25.0,175.0,67.0,43.5,Rectangle,1.1686746987951808,0.0,1.0,0.0
32.0,186.0,75.0,45.0,Triangle,1.100238663484487,0.0,0.0,1.0
54.0,173.0,80.0,42.0,Triangle,1.0827886710239651,0.0,0.0,1.0
23.1,172.0,60.0,42.0,Triangle,1.1056701030927836,0.0,0.0,1.0
43.6,170.0,73.0,43.0,Triangle,1.0556149732620321,0.0,0.0,1.0
37.0,186.0,84.0,44.0,Rectangle,1.130712008501594,0.0,1.0,0.0
38.0,187.0,104.0,44.0,Triangle,1.10622009569378,0.0,0.0,1.0
19.3,168.0,75.0,43.0,Triangle,1.1003420752565565,0.0,0.0,1.0
62.0,179.0,80.0,42.0,Triangle,1.0904255319148937,0.0,0.0,1.0
43.0,178.0,70.0,43.0,Rectangle,1.114025085518814,0.0,1.0,0.0
20.0,184.0,88.0,44.0,Inverted Triangle,1.241860465116279,1.0,0.0,0.0
18.9,185.0,68.0,43.0,Triangle,1.107540173053152,0.0,0.0,1.0
32.4,172.0,73.0,41.0,Rectangle,1.1650602409638555,0.0,1.0,0.0
65.0,178.0,75.0,43.0,Rectangle,1.1396103896103895,0.0,1.0,0.0
34.0,181.0,78.0,42.0,Inverted Triangle,1.1849865951742626,1.0,0.0,0.0
41.7,172.0,77.0,41.5,Triangle,1.087513340448239,0.0,0.0,1.0
55.8,175.0,70.0,42.5,Inverted Triangle,1.2848101265822784,1.0,0.0,0.0
36.0,172.0,102.0,40.0,Triangle,1.068334937439846,0.0,0.0,1.0
37.8,177.0,66.0,42.5,Rectangle,1.1477832512315271,0.0,1.0,0.0
47.0,195.0,94.0,43.0,Rectangle,1.1512875536480687,0.0,1.0,0.0
18.0,186.0,69.0,46.0,Rectangle,1.151291512915129,0.0,1.0,0.0
56.0,162.0,95.0,40.0,Triangle,1.0764818355640535,0.0,0.0,1.0
35.2,178.0,82.0,40.5,Rectangle,1.1123110151187905,0.0,1.0,0.0
20.0,181.0,82.0,43.0,Inverted Triangle,1.256188118811881,1.0,0.0,0.0
38.0,185.0,75.0,42.0,Rectangle,1.1258503401360545,0.0,1.0,0.0
30.0,182.0,85.0,42.5,Rectangle,1.1260504201680672,0.0,1.0,0.0
25.4,170.0,69.0,41.0,Inverted Triangle,1.227450980392157,1.0,0.0,0.0
55.0,171.0,79.0,41.0,Triangle,1.0731707317073171,0.0,0.0,1.0
19.0,180.0,65.0,43.0,Rectangle,1.113031914893617,0.0,1.0,0.0
29.9,176.0,71.0,42.0,Rectangle,1.128992628992629,0.0,1.0,0.0
50.0,173.0,90.0,43.0,Triangle,1.0683918669131238,0.0,0.0,1.0
65.0,170.0,55.0,41.0,Rectangle,1.1444291609353507,0.0,1.0,0.0
19.1,175.0,68.0,41.0,Inverted Triangle,1.2251908396946565,1.0,0.0,0.0
24.0,196.0,73.0,46.0,Inverted Triangle,1.1979949874686717,1.0,0.0,0.0
29.9,165.0,69.0,40.5,Inverted Triangle,1.1861271676300578,1.0,0.0,0.0
30.8,175.0,68.0,42.0,Triangle,1.090069284064665,0.0,0.0,1.0
21.0,192.0,84.0,44.0,Rectangle,1.1595982142857142,0.0,1.0,0.0
38.0,188.0,105.0,46.0,Triangle,1.0797373358348967,0.0,0.0,1.0
24.0,183.0,83.0,42.0,Triangle,1.0548245614035088,0.0,0.0,1.0
61.0,184.0,82.0,43.0,Triangle,1.0922431865828093,0.0,0.0,1.0
40.7,168.0,72.0,42.0,Inverted Triangle,1.2401960784313726,1.0,0.0,0.0
19.2,172.0,62.0,42.0,Inverted Triangle,1.1994609164420484,1.0,0.0,0.0
29.0,185.0,70.0,42.0,Rectangle,1.148989898989899,0.0,1.0,0.0
27.0,174.0,70.0,41.0,Inverted Triangle,1.221227621483376,1.0,0.0,0.0
40.0,174.0,76.0,43.0,Triangle,1.0841530054644808,0.0,0.0,1.0
21.0,185.0,87.0,45.5,Triangle,1.057591623036649,0.0,0.0,1.0
32.0,195.0,80.0,45.0,Triangle,1.0481283422459893,0.0,0.0,1.0
48.0,185.0,90.0,43.0,Triangle,0.9752851711026616,0.0,0.0,1.0
61.0,184.0,85.0,45.0,Triangle,1.0642105263157895,0.0,0.0,1.0
20.9,185.0,85.0,43.5,Rectangle,1.113561190738699,0.0,1.0,0.0
24.0,180.0,66.0,43.0,Triangle,1.025287356321839,0.0,0.0,1.0
18.0,180.0,70.0,42.0,Rectangle,1.147459727385378,0.0,1.0,0.0
33.0,180.0,88.0,42.0,Triangle,1.0391752577319588,0.0,0.0,1.0
51.1,170.0,66.0,41.0,Rectangle,1.1389221556886227,0.0,1.0,0.0
18.4,175.0,70.0,42.0,Inverted Triangle,1.2195431472081217,1.0,0.0,0.0
24.4,172.0,68.0,43.0,Rectangle,1.151552795031056,0.0,1.0,0.0
43.8,173.0,77.0,42.0,Rectangle,1.1286681715575622,0.0,1.0,0.0
63.0,182.0,75.0,43.0,Triangle,1.0312837108953614,0.0,0.0,1.0
54.0,178.0,99.0,42.0,Rectangle,1.1178903826266804,0.0,1.0,0.0
53.7,177.0,87.0,43.0,Rectangle,1.11284046692607,0.0,1.0,0.0
30.0,192.0,94.0,45.0,Triangle,1.0193986420950534,0.0,0.0,1.0
21.1,175.0,71.0,42.0,Rectangle,1.1428571428571428,0.0,1.0,0.0
46.0,173.0,75.0,41.0,Triangle,1.1007502679528403,0.0,0.0,1.0
26.9,180.0,70.0,42.0,Inverted Triangle,1.2356770833333333,1.0,0.0,0.0
56.0,189.0,81.0,44.0,Rectangle,1.1233333333333333,0.0,1.0,0.0
19.6,178.0,72.0,42.0,Rectangle,1.154320987654321,0.0,1.0,0.0
36.0,197.0,105.0,46.0,Triangle,1.052820053715309,0.0,0.0,1.0
20.0,173.0,73.0,41.5,Rectangle,1.1623616236162362,0.0,1.0,0.0
30.5,172.0,72.0,41.0,Inverted Triangle,1.1707021791767553,1.0,0.0,0.0
24.0,180.0,85.0,41.0,Inverted Triangle,1.2138660399529966,1.0,0.0,0.0
20.5,166.0,47.0,41.0,Triangle,1.0530503978779842,0.0,0.0,1.0
33.0,179.0,77.0,42.0,Triangle,1.1043771043771045,0.0,0.0,1.0
26.9,175.0,71.0,41.5,Inverted Triangle,1.187648456057007,1.0,0.0,0.0
25.8,178.0,74.0,41.0,Rectangle,1.1430260047281324,0.0,1.0,0.0
50.0,183.0,83.0,43.0,Triangle,1.0667384284176533,0.0,0.0,1.0
46.9,175.0,78.0,41.0,Inverted Triangle,1.2734839476813318,1.0,0.0,0.0
22.7,175.0,58.0,43.0,Triangle,1.0990752972258917,0.0,0.0,1.0
49.0,196.0,125.0,47.0,Triangle,0.8414376321353065,0.0,0.0,1.0
19.8,176.0,76.0,43.0,Rectangle,1.1241457858769932,0.0,1.0,0.0
56.4,162.0,62.0,42.0,Inverted Triangle,1.1883691529709228,1.0,0.0,0.0
22.0,178.0,82.0,45.0,Inverted Triangle,1.2223618090452262,1.0,0.0,0.0
39.5,174.0,94.0,42.0,Inverted Triangle,1.202755905511811,1.0,0.0,0.0
23.0,185.0,85.0,45.0,Triangle,1.0881720430107527,0.0,0.0,1.0
50.0,179.0,80.0,40.0,Rectangle,1.158361018826135,0.0,1.0,0.0
27.0,185.0,93.0,43.0,Inverted Triangle,1.1721491228070176,1.0,0.0,0.0
21.9,172.0,57.0,42.0,Triangle,1.1012658227848102,0.0,0.0,1.0
50.0,172.0,98.0,43.0,Triangle,1.0886699507389161,0.0,0.0,1.0
32.0,191.0,88.0,43.0,Rectangle,1.1155419222903886,0.0,1.0,0.0
19.0,183.0,84.0,44.0,Rectangle,1.1171270718232045,0.0,1.0,0.0
65.0,191.0,96.0,44.0,Triangle,0.9924385633270322,0.0,0.0,1.0
24.4,169.0,72.0,43.0,Inverted Triangle,1.2463414634146341,1.0,0.0,0.0
28.0,186.0,130.0,45.0,Triangle,1.083720930232558,0.0,0.0,1.0
33.0,176.0,70.0,42.0,Rectangle,1.1305882352941177,0.0,1.0,0.0
24.4,171.0,85.0,43.0,Triangle,1.0626262626262626,0.0,0.0,1.0
56.0,181.0,82.0,45.0,Triangle,1.06,0.0,0.0,1.0
53.0,183.0,70.0,43.0,Inverted Triangle,1.1713554987212276,1.0,0.0,0.0
19.0,196.0,87.0,46.0,Inverted Triangle,1.1919905771495878,1.0,0.0,0.0
