"Waist Circumference, Pref (mm)",Chest Circumference (mm),Neck Base Circumference (mm),"Hip Circumference, Maximum (mm)",Crotch Height (mm),Thigh Circumference (mm),Shoulder Breadth (mm),"Waist Height, Preferred (mm)",Arm Length (Shoulder to Wrist) (mm),Chest Girth (Chest Circumference at Scye) (mm),Weight (kg),"Ankle Ht Rt (Malleolus, Lateral) (mm)",Malleolus Med Rt (mm)
918.0,984.0,498.0,1040.0,972.0,549.0,462.0,1266.0,706.0,986.0,87.0,80.03,103.44
806.0,962.0,460.0,997.0,867.0,574.0,473.0,1108.0,653.0,995.0,74.6,78.53,98.5
900.0,1027.0,510.0,1057.0,873.0,598.0,478.0,1062.0,671.0,1081.0,86.5,80.0,94.0
821.0,949.0,481.0,1012.0,933.0,584.0,466.0,1165.0,710.0,967.0,77.0,76.36,92.1
790.0,985.0,479.0,975.0,792.0,593.0,491.0,1032.0,632.0,1035.0,78.3,66.0,73.0
1045.0,1175.0,470.0,1110.0,886.0,661.0,497.0,1116.0,708.0,1184.0,110.4,75.03,95.57
789.0,940.0,463.0,997.0,815.0,563.0,421.0,1040.0,609.0,924.0,66.6,78.0,80.0
908.0,981.0,462.0,990.0,745.0,570.0,440.0,1000.0,601.0,980.0,70.6,59.16,71.89
820.0,959.0,455.0,966.0,862.0,585.0,447.0,1060.0,669.0,957.0,69.0,66.0,76.0
950.0,1116.0,507.0,1002.0,848.0,542.0,477.0,1074.0,638.0,1113.0,90.4,73.82,87.03
816.0,940.0,484.0,962.0,707.0,568.0,466.0,934.0,610.0,960.0,69.7,63.0,78.0
955.0,1061.0,508.0,1062.0,777.0,582.0,496.0,1045.0,631.0,1056.0,88.8,68.15,89.62
889.0,985.0,483.0,956.0,806.0,544.0,452.0,1022.0,627.0,976.0,75.3,68.0,87.0
883.0,1012.0,491.0,1064.0,817.0,647.0,487.0,1062.0,659.0,1030.0,85.1,76.0,88.0
887.0,1029.0,469.0,843.0,767.0,532.0,452.0,975.0,619.0,1034.0,72.8,54.88,94.75
961.0,1018.0,514.0,1072.0,813.0,646.0,495.0,993.0,585.0,1045.0,87.8,69.8,96.7
839.0,970.0,453.0,980.0,834.0,586.0,439.0,1053.0,612.0,970.0,72.5,73.58,77.34
1107.0,1255.0,523.0,1166.0,1030.0,695.0,487.0,1165.0,723.0,1191.0,127.5,90.04,97.61
749.0,858.0,455.0,872.0,836.0,473.0,425.0,1048.0,592.0,865.0,55.4,79.48,86.79
738.0,939.0,470.0,964.0,870.0,520.0,491.0,1116.0,681.0,960.0,68.1,80.0,87.0
960.0,994.0,470.0,990.0,772.0,580.0,433.0,1000.0,612.0,956.0,76.5,70.0,78.0
847.0,947.0,476.0,1033.0,794.0,611.0,468.0,1012.0,663.0,992.0,79.7,74.0,89.0
904.0,991.0,490.0,1026.0,845.0,540.0,488.0,1085.0,664.0,1028.0,82.5,68.37,92.77
1082.0,1177.0,567.0,1122.0,876.0,635.0,510.0,1130.0,674.0,1160.0,108.8,75.89,96.45
796.0,981.0,460.0,985.0,795.0,564.0,480.0,1025.0,608.0,1010.0,71.0,70.0,84.0
904.0,1031.0,496.0,1004.0,764.0,594.0,493.0,975.0,611.0,1042.0,78.0,61.06,87.24
883.0,1054.0,493.0,985.0,796.0,540.0,479.0,1028.0,644.0,1061.0,77.1,80.0,90.0
882.0,1056.0,490.0,956.0,731.0,516.0,430.0,938.0,603.0,1005.0,72.6,63.0,83.0
822.0,1016.0,488.0,1022.0,876.0,583.0,475.0,1138.0,670.0,1020.0,77.0,73.67,92.46
854.0,980.0,492.0,957.0,868.0,551.0,485.0,1098.0,688.0,1008.0,77.6,80.81,97.78
852.0,1023.0,481.0,983.0,871.0,579.0,473.0,1070.0,653.0,1035.0,80.0,61.35,84.64
843.0,926.0,458.0,1006.0,827.0,593.0,490.0,1043.0,638.0,984.0,79.8,82.02,94.41
1011.0,1141.0,524.0,1030.0,767.0,582.0,481.0,976.0,611.0,1110.0,96.9,70.03,85.98
923.0,1071.0,503.0,1016.0,894.0,588.0,507.0,1120.0,689.0,1068.0,91.0,73.99,87.82
855.0,940.0,492.0,1033.0,826.0,575.0,450.0,1077.0,642.0,943.0,75.0,64.6,101.04
950.0,983.0,535.0,1078.0,963.0,602.0,481.0,1179.0,706.0,987.0,88.4,73.99,96.38
740.0,871.0,430.0,914.0,901.0,502.0,433.0,1130.0,635.0,866.0,63.4,71.55,97.81
1054.0,1129.0,497.0,1101.0,824.0,670.0,480.0,1057.0,643.0,1119.0,105.0,64.65,92.82
880.0,974.0,490.0,1030.0,800.0,620.0,506.0,1028.0,653.0,1031.0,80.7,74.0,82.0
951.0,1032.0,465.0,953.0,796.0,553.0,440.0,1025.0,612.0,1025.0,79.1,58.03,78.91
944.0,1003.0,474.0,1081.0,738.0,657.0,481.0,971.0,587.0,1015.0,83.0,72.0,88.0
996.0,1179.0,512.0,1094.0,749.0,597.0,481.0,913.0,587.0,1127.0,101.3,62.23,93.12
793.0,991.0,503.0,945.0,785.0,543.0,457.0,997.0,609.0,990.0,68.5,60.0,75.0
895.0,970.0,475.0,998.0,755.0,615.0,458.0,964.0,624.0,982.0,75.7,60.0,82.0
872.0,1049.0,499.0,986.0,818.0,563.0,464.0,1026.0,646.0,1089.0,81.0,62.0,74.0
736.0,877.0,406.0,921.0,764.0,544.0,441.0,1010.0,639.0,893.0,61.8,59.21,82.84
1037.0,1095.0,525.0,1053.0,851.0,624.0,500.0,1102.0,674.0,1085.0,99.4,78.02,97.38
1060.0,1173.0,494.0,1142.0,848.0,653.0,517.0,1069.0,669.0,1146.0,105.6,68.08,92.58
904.0,1021.0,495.0,980.0,748.0,549.0,484.0,973.0,622.0,1069.0,75.4,68.0,82.0
891.0,1015.0,482.0,985.0,871.0,540.0,474.0,1120.0,663.0,1028.0,78.4,73.7,83.07
1060.0,1062.0,507.0,1037.0,851.0,623.0,465.0,1013.0,651.0,1071.0,91.5,67.4,81.16
821.0,991.0,463.0,1011.0,860.0,586.0,459.0,1040.0,673.0,1016.0,70.9,72.0,81.0
993.0,1033.0,506.0,1025.0,850.0,551.0,437.0,1086.0,657.0,1030.0,83.5,65.46,84.28
982.0,1068.0,485.0,1081.0,835.0,670.0,515.0,1085.0,669.0,1057.0,94.3,72.0,82.0
786.0,950.0,505.0,995.0,785.0,609.0,458.0,997.0,617.0,995.0,71.7,64.0,78.0
825.0,1004.0,481.0,1027.0,840.0,581.0,471.0,1070.0,645.0,1025.0,80.7,60.06,85.63
910.0,1084.0,513.0,1028.0,863.0,561.0,471.0,1031.0,631.0,1046.0,84.9,64.64,89.25
784.0,871.0,453.0,950.0,865.0,555.0,422.0,1083.0,636.0,889.0,66.0,74.89,89.72
890.0,1055.0,473.0,992.0,826.0,555.0,441.0,1055.0,632.0,1091.0,84.2,73.76,92.44
1065.0,1078.0,554.0,1139.0,934.0,619.0,494.0,1170.0,699.0,1090.0,106.4,78.66,102.58
931.0,1014.0,488.0,1063.0,855.0,602.0,496.0,1082.0,653.0,1045.0,89.3,59.17,87.72
1048.0,1179.0,520.0,1081.0,871.0,616.0,495.0,1074.0,669.0,1139.0,110.2,77.06,99.79
950.0,994.0,485.0,980.0,783.0,502.0,456.0,989.0,655.0,990.0,77.7,71.0,86.0
772.0,949.0,470.0,985.0,844.0,547.0,452.0,1073.0,655.0,973.0,70.9,69.0,86.0
960.0,1081.0,516.0,982.0,827.0,535.0,501.0,1064.0,667.0,1070.0,80.6,66.0,82.0
915.0,1033.0,507.0,1003.0,871.0,601.0,508.0,977.0,640.0,1033.0,78.4,78.05,99.45
757.0,914.0,464.0,951.0,841.0,533.0,483.0,1075.0,639.0,966.0,64.4,69.4,86.03
877.0,960.0,460.0,970.0,901.0,550.0,493.0,1068.0,637.0,985.0,75.8,65.29,83.11
798.0,891.0,506.0,922.0,732.0,511.0,447.0,944.0,545.0,938.0,64.8,57.53,75.7
981.0,1128.0,557.0,1035.0,772.0,602.0,484.0,966.0,599.0,1100.0,86.6,74.38,85.63
952.0,1041.0,514.0,1123.0,831.0,689.0,488.0,1073.0,664.0,1074.0,91.9,75.33,82.24
787.0,862.0,445.0,979.0,765.0,585.0,457.0,970.0,619.0,901.0,63.5,63.0,83.0
708.0,804.0,437.0,839.0,736.0,477.0,398.0,976.0,582.0,859.0,50.8,66.0,75.0
899.0,1048.0,503.0,987.0,794.0,528.0,454.0,1020.0,585.0,1027.0,79.7,71.74,97.58
875.0,1032.0,468.0,1029.0,860.0,613.0,504.0,1087.0,653.0,1045.0,85.2,69.6,94.46
776.0,885.0,488.0,947.0,842.0,550.0,443.0,1049.0,613.0,895.0,63.0,72.13,84.52
853.0,942.0,485.0,940.0,888.0,544.0,474.0,1098.0,677.0,962.0,79.0,68.86,103.86
827.0,970.0,470.0,1020.0,829.0,578.0,499.0,1058.0,650.0,1011.0,80.0,64.48,98.97
868.0,972.0,464.0,1002.0,832.0,587.0,458.0,1015.0,615.0,992.0,77.1,79.53,91.23
740.0,877.0,479.0,883.0,735.0,535.0,434.0,939.0,568.0,917.0,59.0,66.0,71.0
857.0,948.0,472.0,1018.0,874.0,559.0,471.0,1110.0,678.0,990.0,77.1,78.41,85.86
815.0,947.0,490.0,993.0,898.0,587.0,482.0,1133.0,650.0,977.0,82.2,76.08,96.42
923.0,1011.0,463.0,1027.0,786.0,562.0,473.0,1013.0,588.0,990.0,76.8,69.52,91.49
885.0,953.0,455.0,953.0,758.0,549.0,473.0,964.0,615.0,982.0,68.4,66.0,79.0
781.0,907.0,466.0,926.0,848.0,532.0,456.0,1052.0,619.0,939.0,61.5,70.45,76.09
856.0,978.0,440.0,1015.0,940.0,577.0,472.0,1134.0,656.0,1022.0,75.5,66.65,77.05
933.0,1064.0,508.0,1057.0,874.0,635.0,488.0,1049.0,630.0,1037.0,86.8,67.64,84.44
934.0,996.0,491.0,988.0,856.0,549.0,443.0,1073.0,681.0,1001.0,78.9,74.0,84.0
972.0,994.0,471.0,1090.0,725.0,594.0,446.0,964.0,633.0,1036.0,82.3,64.0,75.0
873.0,899.0,453.0,1016.0,809.0,572.0,455.0,1024.0,618.0,966.0,77.2,79.26,96.78
887.0,947.0,439.0,1012.0,754.0,550.0,447.0,920.0,616.0,963.0,70.6,66.0,77.0
1041.0,1100.0,547.0,1080.0,869.0,598.0,522.0,1107.0,694.0,1135.0,98.0,75.01,94.42
768.0,973.0,466.0,870.0,734.0,513.0,454.0,933.0,561.0,978.0,60.2,58.0,71.0
997.0,1081.0,523.0,1045.0,760.0,589.0,507.0,970.0,628.0,1061.0,91.3,63.91,77.57
927.0,1005.0,473.0,1034.0,876.0,581.0,442.0,1070.0,644.0,978.0,82.2,85.88,94.82
751.0,884.0,460.0,909.0,760.0,533.0,428.0,949.0,585.0,895.0,62.1,64.0,73.0
701.0,851.0,447.0,871.0,780.0,476.0,413.0,993.0,599.0,913.0,52.8,66.0,80.0
825.0,913.0,450.0,980.0,809.0,550.0,441.0,1026.0,652.0,911.0,71.2,75.0,87.0
992.0,1010.0,485.0,1065.0,681.0,590.0,468.0,980.0,600.0,1013.0,82.2,64.0,83.0
850.0,980.0,469.0,987.0,674.0,556.0,471.0,902.0,558.0,1040.0,70.1,60.32,84.9
1170.0,1213.0,523.0,1174.0,758.0,630.0,513.0,965.0,631.0,1173.0,110.4,78.0,83.0
1147.0,1207.0,560.0,1130.0,855.0,604.0,510.0,1056.0,670.0,1137.0,108.9,79.46,81.57
1063.0,1170.0,532.0,1066.0,815.0,634.0,495.0,965.0,664.0,1104.0,110.8,72.3,83.19
988.0,1064.0,458.0,1032.0,704.0,588.0,461.0,944.0,586.0,1040.0,80.6,72.0,83.0
862.0,919.0,442.0,1031.0,871.0,609.0,469.0,1074.0,646.0,961.0,78.1,70.45,80.49
820.0,978.0,475.0,945.0,770.0,543.0,487.0,985.0,629.0,1012.0,70.5,72.0,86.0
886.0,998.0,486.0,1035.0,871.0,598.0,454.0,1115.0,647.0,1024.0,81.7,77.36,98.03
835.0,920.0,440.0,971.0,792.0,575.0,447.0,995.0,628.0,936.0,70.1,64.0,74.0
693.0,912.0,435.0,848.0,787.0,490.0,436.0,1005.0,618.0,905.0,54.3,67.0,84.0
903.0,1025.0,466.0,1005.0,823.0,576.0,459.0,1025.0,612.0,1028.0,75.8,67.99,83.6
960.0,938.0,455.0,938.0,754.0,530.0,419.0,1023.0,577.0,919.0,70.0,66.0,94.52
883.0,915.0,504.0,1010.0,853.0,579.0,470.0,1036.0,652.0,937.0,73.5,69.14,99.28
777.0,924.0,448.0,997.0,723.0,581.0,432.0,955.0,591.0,927.0,68.0,64.0,75.0
755.0,889.0,455.0,908.0,770.0,525.0,452.0,948.0,615.0,912.0,59.0,66.0,68.0
815.0,974.0,460.0,1010.0,800.0,605.0,500.0,1040.0,623.0,970.0,77.5,72.0,86.0
786.0,918.0,504.0,967.0,874.0,552.0,445.0,1119.0,624.0,973.0,69.2,65.4,84.99
875.0,1063.0,501.0,1018.0,836.0,597.0,494.0,1018.0,680.0,1053.0,78.5,68.0,82.0
1105.0,1159.0,588.0,1115.0,953.0,670.0,501.0,1171.0,743.0,1157.0,113.4,86.68,115.34
1109.0,1261.0,523.0,1081.0,759.0,514.0,464.0,941.0,641.0,1224.0,103.9,70.8,79.94
898.0,994.0,464.0,1023.0,759.0,586.0,451.0,1011.0,632.0,981.0,74.4,66.0,76.0
876.0,952.0,488.0,979.0,782.0,603.0,464.0,970.0,628.0,983.0,74.5,74.0,80.0
795.0,930.0,453.0,908.0,851.0,489.0,444.0,1084.0,660.0,951.0,62.1,75.24,98.96
784.0,927.0,475.0,915.0,880.0,512.0,462.0,1043.0,653.0,1000.0,63.8,84.0,93.0
976.0,1032.0,515.0,1060.0,867.0,574.0,447.0,1072.0,655.0,1011.0,88.7,66.65,90.84
928.0,973.0,480.0,1074.0,848.0,634.0,475.0,1041.0,626.0,969.0,83.1,72.36,93.84
727.0,894.0,448.0,910.0,810.0,522.0,444.0,1009.0,616.0,947.0,62.4,72.0,72.0
928.0,1042.0,511.0,1021.0,847.0,568.0,492.0,1058.0,680.0,1041.0,81.0,76.7,85.54
766.0,923.0,460.0,966.0,768.0,565.0,466.0,980.0,620.0,970.0,65.3,66.0,87.0
773.0,892.0,444.0,967.0,796.0,550.0,438.0,1041.0,595.0,909.0,66.0,67.92,81.99
820.0,949.0,494.0,970.0,895.0,520.0,428.0,1137.0,660.0,926.0,68.9,78.32,84.6
679.0,822.0,452.0,886.0,805.0,470.0,430.0,1020.0,643.0,849.0,53.2,66.0,71.0
1000.0,1026.0,476.0,1049.0,818.0,598.0,488.0,1044.0,631.0,1063.0,85.5,72.69,85.52
811.0,922.0,464.0,942.0,753.0,532.0,439.0,944.0,618.0,946.0,65.0,76.0,86.0
1046.0,1058.0,518.0,1062.0,791.0,617.0,488.0,1029.0,627.0,1085.0,90.3,68.0,86.0
817.0,912.0,442.0,993.0,836.0,586.0,466.0,1022.0,617.0,943.0,69.0,72.77,91.86
891.0,981.0,452.0,1041.0,850.0,617.0,469.0,1057.0,615.0,984.0,78.9,72.93,86.81
858.0,960.0,491.0,998.0,918.0,564.0,482.0,1141.0,670.0,1025.0,81.5,75.15,92.95
933.0,1120.0,523.0,1040.0,809.0,636.0,510.0,1038.0,659.0,1134.0,93.2,78.0,90.0
917.0,1055.0,534.0,1020.0,885.0,599.0,453.0,1087.0,661.0,1129.0,92.6,75.26,87.91
943.0,1020.0,494.0,970.0,725.0,544.0,452.0,1010.0,630.0,1000.0,75.6,62.0,82.0
1263.0,1239.0,622.0,1184.0,931.0,758.0,519.0,1187.0,728.0,1209.0,141.0,92.77,107.67
910.0,948.0,488.0,942.0,880.0,527.0,441.0,1092.0,645.0,979.0,78.6,74.53,86.61
810.0,866.0,485.0,980.0,730.0,602.0,431.0,922.0,596.0,885.0,67.9,73.0,85.0
894.0,987.0,525.0,992.0,834.0,589.0,475.0,1035.0,642.0,1002.0,76.3,70.07,80.12
755.0,843.0,465.0,891.0,780.0,506.0,447.0,990.0,623.0,874.0,60.2,66.0,78.0
797.0,912.0,469.0,963.0,878.0,565.0,449.0,1051.0,659.0,958.0,72.9,72.0,74.0
957.0,1055.0,482.0,1022.0,819.0,603.0,478.0,1017.0,626.0,1093.0,82.1,73.48,86.82
859.0,892.0,471.0,931.0,928.0,520.0,462.0,1133.0,674.0,939.0,67.5,70.65,85.5
935.0,1068.0,484.0,1063.0,794.0,589.0,476.0,1013.0,612.0,1030.0,80.0,71.53,83.98
886.0,983.0,492.0,966.0,856.0,571.0,473.0,1067.0,645.0,1004.0,82.7,70.71,93.46
943.0,1011.0,485.0,963.0,761.0,529.0,443.0,1008.0,585.0,950.0,77.6,60.11,81.14
835.0,940.0,473.0,1022.0,814.0,609.0,464.0,1040.0,628.0,969.0,77.0,63.37,87.22
874.0,962.0,470.0,993.0,970.0,570.0,472.0,1165.0,715.0,980.0,77.0,68.64,96.73
801.0,925.0,445.0,990.0,770.0,610.0,446.0,1009.0,622.0,930.0,67.4,66.0,74.0
718.0,842.0,445.0,873.0,857.0,501.0,434.0,1075.0,631.0,899.0,60.0,65.4,95.04
902.0,1028.0,485.0,1064.0,873.0,626.0,501.0,1096.0,648.0,1040.0,85.0,64.34,99.44
771.0,860.0,457.0,961.0,854.0,549.0,451.0,1097.0,648.0,897.0,68.7,80.0,84.0
905.0,1023.0,522.0,1003.0,837.0,579.0,489.0,1056.0,642.0,1059.0,84.5,67.66,91.21
750.0,856.0,456.0,931.0,798.0,512.0,395.0,977.0,598.0,883.0,60.1,59.0,75.0
850.0,1005.0,502.0,987.0,787.0,580.0,469.0,1023.0,602.0,1029.0,74.4,70.0,80.0
938.0,1122.0,520.0,1118.0,864.0,662.0,526.0,1095.0,659.0,1119.0,101.3,74.89,86.36
898.0,985.0,501.0,1023.0,834.0,585.0,495.0,1027.0,657.0,995.0,79.4,66.0,83.0
1005.0,1190.0,527.0,1075.0,886.0,617.0,520.0,1108.0,676.0,1169.0,103.2,78.24,93.59
942.0,1139.0,527.0,1095.0,921.0,624.0,528.0,1160.0,638.0,1141.0,98.9,83.68,92.16
957.0,1035.0,569.0,1032.0,803.0,601.0,473.0,1025.0,637.0,1038.0,86.4,59.31,88.19
862.0,925.0,453.0,916.0,743.0,509.0,428.0,993.0,583.0,938.0,62.5,68.84,81.84
972.0,1059.0,537.0,1035.0,892.0,569.0,475.0,1130.0,700.0,1077.0,87.5,68.09,81.77
1192.0,1218.0,514.0,1089.0,779.0,679.0,471.0,1023.0,599.0,1151.0,107.2,78.69,103.2
832.0,932.0,500.0,986.0,785.0,583.0,435.0,992.0,604.0,970.0,74.5,64.0,83.0
1011.0,1097.0,517.0,1117.0,933.0,662.0,528.0,1157.0,710.0,1121.0,110.3,82.08,96.85
811.0,1029.0,510.0,1010.0,827.0,590.0,502.0,1020.0,658.0,1064.0,81.2,76.0,90.0
809.0,936.0,469.0,965.0,787.0,560.0,444.0,1037.0,586.0,952.0,68.2,72.0,91.0
851.0,991.0,480.0,977.0,867.0,582.0,479.0,1084.0,667.0,1012.0,81.1,72.0,82.0
874.0,972.0,502.0,1064.0,756.0,641.0,446.0,978.0,614.0,961.0,76.3,66.0,79.0
1005.0,1029.0,514.0,1072.0,918.0,574.0,486.0,1152.0,667.0,1047.0,90.2,78.67,109.54
862.0,918.0,497.0,944.0,858.0,546.0,447.0,1069.0,647.0,936.0,71.0,72.12,87.93
1199.0,1362.0,560.0,1222.0,817.0,729.0,576.0,1059.0,676.0,1316.0,140.0,71.93,91.43
742.0,877.0,445.0,900.0,752.0,533.0,421.0,950.0,582.0,925.0,57.7,60.0,66.0
783.0,874.0,457.0,896.0,825.0,491.0,421.0,1006.0,643.0,900.0,58.1,62.0,79.0
899.0,1058.0,443.0,1106.0,836.0,625.0,477.0,1106.0,639.0,1027.0,78.8,68.7,88.36
844.0,923.0,442.0,1009.0,899.0,567.0,433.0,1084.0,645.0,936.0,72.3,68.17,77.36
914.0,973.0,465.0,941.0,742.0,553.0,417.0,989.0,613.0,934.0,68.0,72.0,74.0
907.0,1000.0,452.0,980.0,702.0,525.0,448.0,958.0,546.0,989.0,66.9,73.23,86.46
819.0,942.0,488.0,985.0,789.0,579.0,440.0,998.0,598.0,980.0,71.5,74.0,84.0
810.0,922.0,442.0,991.0,914.0,569.0,453.0,1094.0,640.0,949.0,76.9,66.1,85.66
760.0,872.0,480.0,960.0,818.0,550.0,452.0,1041.0,639.0,895.0,67.8,64.0,82.0
1005.0,1100.0,520.0,1059.0,842.0,630.0,490.0,1083.0,692.0,1091.0,98.8,74.59,102.29
858.0,1006.0,464.0,1051.0,794.0,636.0,484.0,993.0,598.0,1021.0,79.0,61.95,81.15
867.0,1099.0,482.0,1090.0,890.0,660.0,535.0,1101.0,672.0,1138.0,98.3,64.89,90.7
744.0,938.0,455.0,956.0,975.0,528.0,456.0,1222.0,707.0,997.0,72.8,67.16,87.8
822.0,942.0,452.0,1011.0,884.0,572.0,476.0,1101.0,636.0,959.0,74.5,77.44,91.99
959.0,995.0,488.0,954.0,897.0,500.0,415.0,1115.0,632.0,1005.0,70.8,72.25,91.75
991.0,1073.0,517.0,1028.0,886.0,592.0,506.0,1126.0,678.0,1078.0,102.2,84.36,114.08
875.0,864.0,485.0,1006.0,798.0,565.0,453.0,1033.0,634.0,1000.0,73.0,68.0,82.0
735.0,901.0,452.0,912.0,735.0,557.0,444.0,933.0,608.0,907.0,61.9,60.0,73.0
878.0,1050.0,521.0,1002.0,925.0,572.0,500.0,1175.0,674.0,1091.0,83.4,70.08,108.63
880.0,973.0,456.0,1018.0,785.0,580.0,458.0,1052.0,628.0,964.0,73.2,74.0,87.0
826.0,944.0,454.0,1000.0,843.0,615.0,443.0,1112.0,603.0,956.0,75.5,71.5,89.5
807.0,961.0,490.0,955.0,815.0,546.0,443.0,1051.0,656.0,977.0,69.4,68.0,86.0
805.0,850.0,496.0,870.0,859.0,507.0,462.0,1029.0,656.0,890.0,61.6,70.0,81.0
1005.0,1069.0,533.0,1102.0,917.0,665.0,520.0,1150.0,682.0,1059.0,100.5,84.14,95.85
860.0,938.0,449.0,1045.0,848.0,606.0,457.0,1032.0,635.0,967.0,76.7,70.22,93.84
877.0,981.0,505.0,963.0,787.0,578.0,482.0,984.0,638.0,1011.0,75.0,70.0,73.0
955.0,1026.0,470.0,1074.0,813.0,660.0,500.0,1027.0,701.0,1045.0,87.2,76.0,89.0
823.0,973.0,480.0,956.0,892.0,560.0,457.0,1072.0,666.0,1014.0,71.6,80.0,80.0
887.0,1050.0,500.0,1007.0,879.0,567.0,480.0,1103.0,667.0,1060.0,84.5,85.0,93.0
802.0,943.0,478.0,959.0,861.0,546.0,450.0,1053.0,657.0,969.0,72.3,70.0,83.0
819.0,979.0,517.0,1007.0,892.0,592.0,471.0,1141.0,672.0,1003.0,78.0,71.27,83.81
962.0,1125.0,487.0,1111.0,820.0,617.0,507.0,988.0,659.0,1099.0,97.6,65.0,82.0
909.0,1080.0,513.0,1057.0,804.0,617.0,497.0,1011.0,637.0,1104.0,85.3,67.0,90.0
802.0,914.0,475.0,932.0,832.0,543.0,440.0,1034.0,660.0,964.0,68.5,68.0,75.0
762.0,918.0,470.0,965.0,846.0,577.0,445.0,1046.0,655.0,921.0,71.4,76.0,85.0
942.0,1007.0,512.0,1075.0,867.0,612.0,492.0,1129.0,643.0,1028.0,89.5,90.16,112.36
1048.0,1153.0,519.0,1075.0,793.0,652.0,502.0,1034.0,612.0,1141.0,87.4,69.61,86.72
961.0,1071.0,496.0,1110.0,905.0,654.0,496.0,1140.0,595.0,1079.0,100.1,71.96,98.12
800.0,936.0,494.0,924.0,886.0,539.0,495.0,1002.0,650.0,981.0,73.3,77.27,103.77
894.0,928.0,465.0,982.0,844.0,526.0,470.0,1018.0,614.0,969.0,67.0,71.34,81.75
912.0,1125.0,520.0,1008.0,818.0,579.0,479.0,1005.0,602.0,1145.0,80.9,72.0,86.0
817.0,921.0,438.0,1017.0,864.0,592.0,475.0,1066.0,649.0,957.0,73.5,77.64,90.91
932.0,1005.0,482.0,1010.0,765.0,620.0,470.0,1014.0,620.0,996.0,78.3,76.0,85.0
987.0,1085.0,527.0,1131.0,925.0,655.0,504.0,1160.0,701.0,1067.0,102.8,76.07,99.27
807.0,883.0,459.0,1011.0,798.0,575.0,450.0,1019.0,600.0,899.0,68.0,72.3,105.25
945.0,1053.0,486.0,1042.0,787.0,606.0,470.0,972.0,606.0,1067.0,86.6,69.8,82.46
1036.0,1064.0,528.0,1088.0,877.0,609.0,497.0,1162.0,685.0,1045.0,105.1,84.55,107.8
790.0,920.0,465.0,960.0,769.0,560.0,458.0,966.0,630.0,950.0,64.7,64.0,72.0
837.0,959.0,446.0,915.0,804.0,510.0,452.0,1068.0,621.0,968.0,68.5,64.31,83.15
789.0,889.0,455.0,960.0,789.0,553.0,433.0,968.0,629.0,927.0,64.9,72.0,84.0
824.0,941.0,427.0,900.0,661.0,509.0,421.0,839.0,566.0,916.0,59.1,64.0,70.0
923.0,1040.0,477.0,1015.0,818.0,603.0,470.0,1055.0,603.0,1011.0,82.7,71.62,91.63
827.0,913.0,473.0,955.0,933.0,548.0,439.0,1057.0,684.0,958.0,73.8,66.27,82.17
1041.0,1100.0,498.0,1053.0,832.0,630.0,448.0,1077.0,645.0,1058.0,92.8,66.72,84.06
965.0,1042.0,509.0,1069.0,857.0,596.0,501.0,1054.0,670.0,1075.0,99.3,70.15,102.25
825.0,970.0,490.0,985.0,897.0,554.0,441.0,1146.0,647.0,995.0,74.0,77.39,95.0
878.0,963.0,485.0,972.0,871.0,594.0,487.0,1049.0,662.0,974.0,78.4,64.99,80.19
806.0,1022.0,480.0,961.0,865.0,553.0,462.0,1042.0,626.0,1044.0,71.1,83.0,84.0
810.0,955.0,463.0,947.0,686.0,535.0,437.0,936.0,595.0,955.0,66.5,61.0,74.0
755.0,874.0,463.0,934.0,779.0,555.0,436.0,1015.0,618.0,880.0,63.7,66.0,79.0
869.0,931.0,452.0,961.0,767.0,536.0,435.0,1016.0,589.0,939.0,71.5,69.69,102.19
923.0,994.0,518.0,1040.0,905.0,569.0,492.0,1160.0,701.0,1032.0,90.4,72.19,97.24
892.0,947.0,435.0,961.0,788.0,513.0,439.0,1034.0,583.0,951.0,71.7,69.82,90.52
836.0,942.0,459.0,969.0,833.0,562.0,467.0,1046.0,616.0,968.0,70.0,75.46,91.86
881.0,964.0,442.0,1068.0,946.0,597.0,471.0,1137.0,686.0,988.0,80.8,63.95,79.38
760.0,875.0,450.0,938.0,838.0,515.0,456.0,1067.0,647.0,894.0,65.0,72.59,96.8
760.0,913.0,470.0,996.0,872.0,580.0,451.0,1131.0,619.0,922.0,75.1,79.0,102.82
981.0,1071.0,510.0,1094.0,903.0,599.0,497.0,1094.0,681.0,1103.0,96.4,71.73,90.53
991.0,1104.0,530.0,1134.0,833.0,661.0,522.0,1121.0,682.0,1101.0,99.5,67.96,86.34
870.0,990.0,464.0,937.0,788.0,530.0,415.0,1017.0,599.0,968.0,69.7,76.54,87.59
940.0,1040.0,483.0,985.0,770.0,565.0,479.0,1048.0,640.0,1035.0,78.7,71.0,80.0
881.0,949.0,489.0,992.0,746.0,562.0,448.0,954.0,617.0,934.0,70.8,78.0,78.0
785.0,925.0,469.0,979.0,857.0,558.0,476.0,1098.0,679.0,989.0,70.7,76.0,79.0
928.0,986.0,482.0,1080.0,1005.0,613.0,503.0,1252.0,711.0,1020.0,90.5,72.79,95.56
725.0,880.0,476.0,890.0,784.0,516.0,449.0,1039.0,627.0,910.0,60.4,70.0,83.0
917.0,1073.0,510.0,996.0,817.0,604.0,457.0,1032.0,627.0,1081.0,86.2,73.87,97.73
775.0,854.0,495.0,950.0,782.0,545.0,430.0,981.0,606.0,878.0,65.4,64.0,78.0
758.0,896.0,463.0,934.0,873.0,519.0,438.0,1109.0,634.0,925.0,69.0,66.97,88.25
844.0,1015.0,489.0,992.0,831.0,563.0,465.0,1036.0,623.0,1026.0,74.3,75.93,93.31
1002.0,1034.0,463.0,1159.0,925.0,667.0,451.0,1146.0,701.0,1009.0,101.7,84.77,92.34
930.0,1015.0,503.0,1043.0,747.0,645.0,482.0,953.0,602.0,1012.0,81.4,70.0,79.0
872.0,1010.0,482.0,1042.0,836.0,617.0,463.0,1058.0,656.0,1051.0,82.0,74.0,81.0
1068.0,1109.0,485.0,1170.0,882.0,706.0,506.0,1127.0,674.0,1074.0,109.9,76.32,97.36
824.0,906.0,458.0,1003.0,875.0,599.0,478.0,1064.0,641.0,957.0,73.0,74.16,97.0
948.0,1000.0,503.0,1032.0,913.0,566.0,474.0,1149.0,689.0,998.0,85.5,82.53,102.63
789.0,981.0,427.0,963.0,844.0,533.0,461.0,1084.0,652.0,974.0,71.5,79.27,94.39
875.0,1060.0,472.0,1047.0,865.0,618.0,495.0,1063.0,626.0,1067.0,84.0,72.26,101.46
785.0,907.0,458.0,940.0,810.0,540.0,460.0,1002.0,625.0,948.0,63.8,68.0,79.0
829.0,996.0,489.0,973.0,808.0,544.0,471.0,1060.0,632.0,1007.0,75.5,60.72,89.17
902.0,1008.0,492.0,1020.0,827.0,562.0,467.0,1067.0,644.0,1049.0,82.6,70.0,98.0
820.0,945.0,456.0,972.0,847.0,548.0,476.0,1038.0,617.0,977.0,67.1,59.86,81.6
936.0,1025.0,500.0,1020.0,741.0,610.0,475.0,933.0,573.0,1065.0,83.3,60.0,80.0
682.0,826.0,429.0,816.0,849.0,430.0,402.0,1025.0,654.0,838.0,48.2,72.0,76.0
915.0,1020.0,460.0,973.0,744.0,570.0,459.0,988.0,602.0,1007.0,74.3,75.0,82.0
1038.0,1138.0,533.0,1153.0,902.0,633.0,524.0,1103.0,655.0,1165.0,112.0,76.51,104.84
805.0,859.0,464.0,955.0,812.0,588.0,444.0,1038.0,657.0,903.0,67.5,68.0,87.0
837.0,919.0,483.0,973.0,780.0,535.0,462.0,1015.0,590.0,951.0,70.0,59.83,86.78
1160.0,1219.0,577.0,1225.0,857.0,733.0,544.0,1054.0,672.0,1160.0,133.6,76.51,99.06
856.0,1052.0,489.0,1014.0,1026.0,593.0,513.0,1300.0,772.0,1096.0,93.0,72.79,98.01
717.0,899.0,441.0,918.0,862.0,508.0,456.0,1109.0,647.0,924.0,60.9,66.8,92.26
988.0,996.0,503.0,1029.0,870.0,565.0,470.0,1130.0,670.0,985.0,82.6,73.91,92.33
1009.0,1185.0,462.0,1018.0,764.0,565.0,475.0,942.0,591.0,1149.0,94.6,66.52,79.77
895.0,1025.0,480.0,977.0,785.0,597.0,490.0,1039.0,622.0,1022.0,74.8,74.0,82.0
836.0,892.0,441.0,953.0,932.0,582.0,462.0,1128.0,682.0,932.0,75.0,82.01,90.24
763.0,890.0,479.0,904.0,752.0,503.0,428.0,957.0,587.0,933.0,58.0,57.84,77.22
893.0,972.0,495.0,1024.0,797.0,593.0,441.0,1046.0,634.0,979.0,80.7,62.0,96.94
733.0,869.0,426.0,885.0,767.0,519.0,430.0,1003.0,580.0,894.0,59.0,62.16,79.3
1029.0,1165.0,546.0,1141.0,826.0,709.0,552.0,1042.0,643.0,1147.0,114.1,74.47,96.74
870.0,965.0,475.0,949.0,741.0,525.0,439.0,999.0,626.0,996.0,65.5,68.0,71.0
809.0,949.0,445.0,1002.0,777.0,589.0,458.0,998.0,583.0,972.0,72.1,69.17,86.67
875.0,1090.0,486.0,1050.0,762.0,656.0,519.0,956.0,634.0,1140.0,85.3,62.0,74.0
998.0,1096.0,494.0,1103.0,824.0,637.0,490.0,1040.0,648.0,1079.0,98.2,90.18,100.45
1011.0,1195.0,523.0,1080.0,780.0,598.0,486.0,978.0,625.0,1130.0,94.0,73.07,90.4
778.0,884.0,451.0,915.0,827.0,511.0,438.0,1022.0,643.0,904.0,63.6,64.0,81.0
785.0,870.0,455.0,871.0,838.0,477.0,419.0,1006.0,623.0,924.0,56.6,74.0,88.0
832.0,996.0,482.0,954.0,944.0,556.0,494.0,1146.0,696.0,1027.0,76.6,70.42,98.86
886.0,996.0,445.0,985.0,715.0,580.0,467.0,944.0,596.0,1010.0,71.9,66.0,73.0
1089.0,1236.0,509.0,1190.0,913.0,680.0,560.0,1172.0,684.0,1224.0,127.5,83.78,109.1
953.0,1103.0,475.0,966.0,695.0,565.0,495.0,932.0,555.0,1118.0,76.6,66.0,77.0
774.0,904.0,440.0,935.0,787.0,545.0,459.0,995.0,646.0,950.0,63.4,70.0,79.0
857.0,902.0,482.0,969.0,888.0,540.0,449.0,1147.0,643.0,921.0,77.2,74.6,97.94
799.0,890.0,465.0,930.0,772.0,560.0,439.0,981.0,612.0,899.0,63.8,72.0,76.0
892.0,1044.0,465.0,1043.0,797.0,598.0,448.0,977.0,640.0,1041.0,81.1,72.0,88.0
875.0,940.0,470.0,970.0,759.0,564.0,438.0,992.0,609.0,961.0,69.4,70.0,82.0
823.0,939.0,481.0,964.0,767.0,568.0,460.0,991.0,645.0,986.0,71.2,74.0,83.0
812.0,927.0,465.0,1005.0,805.0,582.0,470.0,1022.0,652.0,958.0,69.9,66.0,76.0
754.0,926.0,479.0,868.0,860.0,500.0,449.0,1031.0,649.0,960.0,62.8,72.0,82.0
934.0,1055.0,511.0,1096.0,784.0,626.0,472.0,962.0,590.0,1030.0,86.3,48.83,73.64
799.0,909.0,437.0,972.0,886.0,526.0,447.0,1099.0,653.0,929.0,69.0,72.1,95.72
893.0,1005.0,451.0,1021.0,799.0,580.0,439.0,981.0,625.0,1000.0,81.6,75.17,91.06
788.0,896.0,484.0,870.0,792.0,494.0,464.0,1025.0,619.0,935.0,65.4,60.31,82.46
1090.0,1153.0,550.0,1135.0,767.0,685.0,481.0,1016.0,598.0,1125.0,105.6,71.43,95.04
795.0,895.0,467.0,1026.0,884.0,554.0,461.0,1120.0,680.0,960.0,70.5,72.84,85.41
813.0,849.0,430.0,957.0,941.0,549.0,442.0,1139.0,665.0,878.0,71.9,79.92,102.05
983.0,1137.0,476.0,936.0,730.0,539.0,476.0,1010.0,624.0,1093.0,79.3,63.0,80.0
915.0,984.0,480.0,1000.0,860.0,568.0,470.0,1080.0,636.0,995.0,81.3,74.7,83.51
746.0,795.0,441.0,821.0,777.0,479.0,415.0,925.0,567.0,825.0,53.6,54.66,69.17
686.0,842.0,452.0,874.0,806.0,486.0,416.0,1012.0,625.0,884.0,53.5,70.0,86.0
993.0,1129.0,539.0,1065.0,810.0,636.0,484.0,1031.0,625.0,1104.0,94.5,67.35,85.96
790.0,932.0,465.0,947.0,843.0,522.0,477.0,1063.0,660.0,960.0,71.5,66.41,88.58
1005.0,1160.0,547.0,1083.0,799.0,592.0,521.0,1025.0,600.0,1136.0,98.3,65.8,89.18
889.0,926.0,465.0,955.0,809.0,551.0,453.0,1021.0,636.0,951.0,70.6,74.0,81.0
839.0,937.0,530.0,1033.0,862.0,601.0,464.0,1084.0,623.0,952.0,77.9,72.11,89.94
786.0,967.0,504.0,888.0,752.0,536.0,458.0,957.0,598.0,1028.0,69.4,68.0,85.0
884.0,947.0,480.0,976.0,839.0,561.0,449.0,1047.0,646.0,971.0,72.6,81.11,88.36
931.0,982.0,476.0,1043.0,857.0,625.0,490.0,1011.0,614.0,1025.0,84.0,78.55,88.98
908.0,976.0,503.0,996.0,778.0,541.0,484.0,975.0,626.0,1000.0,75.4,72.0,87.0
809.0,930.0,473.0,961.0,808.0,574.0,460.0,1011.0,662.0,974.0,70.1,64.0,80.0
939.0,1048.0,452.0,1070.0,809.0,615.0,497.0,1075.0,617.0,1074.0,83.5,76.93,91.09
738.0,905.0,476.0,915.0,814.0,505.0,464.0,1068.0,661.0,967.0,63.6,67.0,82.0
1057.0,1154.0,610.0,1069.0,810.0,635.0,487.0,1002.0,662.0,1112.0,103.1,82.6,89.6
915.0,1069.0,495.0,1097.0,863.0,651.0,494.0,1074.0,657.0,1074.0,96.9,69.46,85.91
791.0,946.0,483.0,938.0,746.0,553.0,433.0,980.0,597.0,953.0,65.5,64.0,67.0
820.0,936.0,458.0,985.0,820.0,550.0,473.0,1017.0,630.0,1001.0,70.9,72.0,84.0
873.0,981.0,478.0,1069.0,811.0,618.0,493.0,1003.0,659.0,988.0,78.8,76.0,81.0
963.0,1055.0,470.0,1038.0,858.0,599.0,472.0,1086.0,606.0,1037.0,80.0,73.56,87.22
1032.0,1046.0,513.0,1044.0,816.0,570.0,458.0,1106.0,631.0,1039.0,87.7,73.38,89.69
800.0,877.0,473.0,960.0,824.0,533.0,458.0,1015.0,660.0,954.0,67.5,68.0,89.0
791.0,950.0,485.0,960.0,886.0,542.0,487.0,1051.0,681.0,1025.0,72.2,63.0,79.0
836.0,1071.0,509.0,976.0,755.0,582.0,502.0,977.0,585.0,1082.0,81.3,69.0,83.0
924.0,1026.0,476.0,1036.0,853.0,624.0,481.0,1075.0,637.0,1030.0,80.7,76.59,86.67
869.0,1007.0,525.0,1047.0,1001.0,607.0,490.0,1238.0,724.0,1056.0,90.0,73.81,94.69
860.0,973.0,442.0,928.0,768.0,461.0,458.0,1000.0,582.0,1026.0,60.0,67.22,84.13
828.0,919.0,461.0,942.0,783.0,534.0,425.0,1020.0,654.0,933.0,65.7,67.0,82.0
750.0,925.0,498.0,905.0,814.0,533.0,453.0,1026.0,615.0,949.0,66.0,72.0,91.0
987.0,999.0,485.0,1017.0,895.0,583.0,460.0,1103.0,684.0,1008.0,83.7,82.81,84.83
893.0,998.0,484.0,1025.0,794.0,595.0,447.0,1007.0,612.0,997.0,81.6,68.98,85.15
959.0,1199.0,504.0,1089.0,750.0,540.0,479.0,972.0,615.0,1139.0,90.5,65.44,71.79
859.0,987.0,460.0,997.0,828.0,553.0,462.0,1043.0,649.0,970.0,75.2,71.0,82.0
900.0,890.0,504.0,980.0,737.0,550.0,470.0,974.0,603.0,980.0,74.8,65.0,83.0
868.0,999.0,466.0,960.0,763.0,539.0,446.0,998.0,620.0,1007.0,69.0,72.02,99.18
962.0,1055.0,507.0,1062.0,782.0,610.0,468.0,965.0,606.0,1000.0,93.6,72.0,85.0
777.0,863.0,458.0,936.0,833.0,515.0,443.0,1060.0,589.0,887.0,63.6,74.25,91.67
903.0,990.0,461.0,988.0,783.0,562.0,444.0,983.0,621.0,991.0,79.0,55.13,80.73
795.0,1000.0,470.0,1000.0,784.0,594.0,480.0,1039.0,620.0,1056.0,75.2,79.0,87.0
804.0,877.0,443.0,914.0,952.0,476.0,427.0,1164.0,726.0,904.0,64.4,84.04,96.29
747.0,883.0,419.0,924.0,812.0,531.0,452.0,1005.0,604.0,913.0,60.4,67.18,82.02
1064.0,1143.0,508.0,1127.0,828.0,653.0,497.0,1015.0,654.0,1130.0,101.0,71.69,98.35
834.0,982.0,472.0,1020.0,803.0,599.0,471.0,1023.0,617.0,998.0,78.2,70.15,93.41
845.0,1033.0,511.0,1011.0,864.0,569.0,498.0,1055.0,622.0,1049.0,80.9,61.51,80.36
738.0,924.0,453.0,949.0,810.0,517.0,459.0,1020.0,637.0,970.0,62.9,70.0,83.0
655.0,830.0,450.0,870.0,713.0,510.0,430.0,960.0,579.0,843.0,53.2,64.0,82.0
797.0,900.0,475.0,970.0,767.0,590.0,460.0,1001.0,655.0,926.0,71.0,66.0,83.0
865.0,1027.0,455.0,993.0,790.0,580.0,437.0,991.0,625.0,1005.0,79.6,73.0,89.0
747.0,895.0,485.0,952.0,817.0,553.0,460.0,1030.0,606.0,938.0,69.3,70.82,88.87
844.0,948.0,466.0,977.0,871.0,533.0,468.0,1077.0,687.0,959.0,75.8,71.35,90.78
798.0,953.0,460.0,937.0,820.0,454.0,447.0,1088.0,629.0,957.0,61.4,65.16,92.75
946.0,1018.0,470.0,1026.0,910.0,604.0,465.0,1099.0,647.0,993.0,90.6,79.14,89.56
826.0,890.0,459.0,956.0,822.0,546.0,431.0,1010.0,624.0,895.0,64.4,72.61,96.51
807.0,881.0,436.0,982.0,833.0,551.0,432.0,1042.0,595.0,921.0,69.0,71.1,92.57
896.0,1020.0,535.0,1101.0,798.0,657.0,487.0,1045.0,625.0,1064.0,88.0,71.34,91.81
1090.0,1188.0,495.0,1107.0,768.0,640.0,514.0,1000.0,599.0,1196.0,98.1,75.55,85.49
977.0,1060.0,552.0,1045.0,798.0,598.0,509.0,995.0,606.0,1062.0,89.3,68.51,92.84
925.0,1088.0,490.0,1011.0,855.0,591.0,496.0,1003.0,674.0,1068.0,83.9,70.0,83.0
1093.0,1174.0,571.0,1132.0,943.0,678.0,490.0,1185.0,726.0,1149.0,125.0,77.19,101.7
977.0,1037.0,511.0,1109.0,944.0,658.0,467.0,1163.0,703.0,1054.0,93.6,88.38,85.3
802.0,960.0,480.0,984.0,817.0,565.0,469.0,1018.0,637.0,992.0,70.5,60.0,84.0
985.0,1106.0,508.0,1090.0,752.0,612.0,481.0,948.0,635.0,1067.0,89.7,72.0,83.0
910.0,1007.0,448.0,980.0,823.0,585.0,488.0,1001.0,650.0,1038.0,80.9,80.02,104.2
833.0,910.0,444.0,988.0,865.0,549.0,459.0,1045.0,655.0,931.0,71.6,89.28,104.41
842.0,899.0,450.0,980.0,890.0,539.0,461.0,1102.0,669.0,918.0,72.0,76.17,99.24
825.0,916.0,466.0,946.0,807.0,575.0,446.0,1016.0,622.0,958.0,69.0,70.0,80.0
829.0,901.0,478.0,986.0,771.0,611.0,465.0,1000.0,602.0,932.0,75.5,70.0,73.0
901.0,971.0,475.0,1035.0,880.0,608.0,453.0,1139.0,675.0,1003.0,84.2,71.76,88.97
1110.0,1170.0,595.0,1215.0,1014.0,717.0,535.0,1238.0,740.0,1131.0,122.3,83.87,103.04
766.0,904.0,460.0,943.0,822.0,554.0,420.0,1056.0,610.0,920.0,67.5,65.86,88.06
919.0,1010.0,496.0,1035.0,870.0,589.0,479.0,1089.0,632.0,1022.0,85.2,88.84,109.28
753.0,891.0,488.0,927.0,809.0,543.0,455.0,1021.0,636.0,955.0,65.1,62.0,74.0
962.0,1060.0,520.0,1051.0,795.0,587.0,505.0,1062.0,644.0,1044.0,89.2,70.0,89.0
831.0,894.0,426.0,974.0,825.0,565.0,464.0,1081.0,602.0,915.0,70.0,66.79,86.41
856.0,986.0,500.0,964.0,793.0,515.0,463.0,1022.0,620.0,1037.0,77.6,62.0,84.0
823.0,930.0,475.0,969.0,809.0,558.0,445.0,999.0,622.0,939.0,66.6,80.0,96.0
884.0,1066.0,525.0,970.0,804.0,574.0,465.0,988.0,642.0,1047.0,78.7,74.0,76.0
877.0,970.0,498.0,989.0,920.0,552.0,458.0,1142.0,688.0,977.0,79.5,83.2,92.55
683.0,843.0,460.0,840.0,855.0,497.0,440.0,1088.0,617.0,853.0,57.0,66.52,84.11
760.0,930.0,426.0,940.0,773.0,540.0,448.0,1024.0,592.0,935.0,65.2,68.0,78.0
880.0,883.0,483.0,985.0,853.0,541.0,431.0,1063.0,615.0,887.0,72.0,75.59,90.92
787.0,901.0,444.0,903.0,730.0,474.0,410.0,974.0,568.0,912.0,57.2,65.63,80.11
760.0,890.0,486.0,940.0,777.0,566.0,470.0,1017.0,632.0,922.0,68.6,74.0,81.0
1009.0,1168.0,569.0,1075.0,843.0,674.0,521.0,1066.0,632.0,1150.0,105.4,80.42,101.28
954.0,923.0,528.0,1046.0,1008.0,554.0,503.0,1190.0,720.0,953.0,81.9,81.13,99.8
1182.0,1213.0,583.0,1091.0,804.0,595.0,518.0,1083.0,675.0,1161.0,104.6,77.96,96.58
814.0,936.0,478.0,967.0,797.0,547.0,447.0,1015.0,625.0,941.0,72.4,70.0,86.0
1020.0,1104.0,507.0,1040.0,828.0,584.0,470.0,1018.0,585.0,1034.0,93.0,79.04,87.11
790.0,945.0,494.0,964.0,914.0,532.0,461.0,1124.0,686.0,974.0,70.5,69.78,83.91
822.0,931.0,459.0,1041.0,820.0,572.0,456.0,999.0,592.0,962.0,71.2,62.16,90.46
851.0,982.0,491.0,974.0,856.0,541.0,444.0,1058.0,611.0,956.0,75.9,76.52,89.25
925.0,961.0,453.0,1085.0,896.0,652.0,496.0,1130.0,671.0,998.0,87.8,66.57,96.86
845.0,950.0,490.0,976.0,760.0,587.0,462.0,1018.0,606.0,975.0,72.8,69.0,85.0
966.0,1016.0,455.0,954.0,771.0,510.0,429.0,997.0,633.0,1002.0,68.6,73.38,87.9
890.0,992.0,496.0,980.0,756.0,570.0,469.0,1013.0,639.0,970.0,79.6,64.0,82.0
946.0,1090.0,513.0,1064.0,779.0,634.0,486.0,983.0,636.0,1083.0,90.0,68.0,80.0
737.0,899.0,478.0,904.0,862.0,515.0,461.0,1085.0,662.0,965.0,63.9,65.1,83.53
919.0,1001.0,512.0,1076.0,765.0,666.0,468.0,974.0,633.0,1020.0,85.5,76.0,86.0
923.0,954.0,468.0,1080.0,766.0,647.0,426.0,955.0,593.0,959.0,79.3,66.0,73.0
1010.0,1123.0,532.0,1060.0,806.0,618.0,519.0,1089.0,605.0,1130.0,98.9,70.0,93.0
810.0,917.0,440.0,937.0,732.0,529.0,428.0,937.0,600.0,923.0,59.9,63.0,72.0
929.0,1008.0,484.0,1012.0,858.0,573.0,491.0,1087.0,642.0,1034.0,79.2,66.01,88.59
874.0,1011.0,484.0,944.0,967.0,552.0,468.0,1138.0,707.0,1034.0,77.5,72.6,84.17
858.0,1004.0,514.0,1037.0,818.0,609.0,469.0,979.0,628.0,1020.0,82.6,60.0,78.0
834.0,920.0,452.0,956.0,777.0,534.0,453.0,980.0,597.0,907.0,68.0,83.14,97.29
727.0,808.0,450.0,853.0,777.0,490.0,413.0,1000.0,582.0,819.0,54.7,58.03,71.54
791.0,933.0,450.0,870.0,852.0,493.0,430.0,1045.0,661.0,937.0,61.9,68.0,83.0
945.0,1062.0,444.0,1051.0,820.0,588.0,485.0,1074.0,678.0,1038.0,89.3,68.06,105.48
927.0,1019.0,490.0,1066.0,889.0,613.0,478.0,1104.0,669.0,1042.0,91.7,80.02,96.5
926.0,1020.0,505.0,1020.0,880.0,538.0,475.0,1140.0,653.0,1029.0,83.9,80.91,100.69
1270.0,1328.0,561.0,1232.0,862.0,671.0,525.0,1095.0,683.0,1262.0,136.0,70.37,92.32
1043.0,1102.0,472.0,1089.0,870.0,593.0,466.0,1082.0,650.0,1131.0,103.2,66.87,91.81
736.0,878.0,470.0,914.0,763.0,545.0,413.0,979.0,613.0,905.0,58.1,70.0,82.0
854.0,996.0,491.0,950.0,824.0,539.0,444.0,1053.0,645.0,973.0,74.9,75.9,96.31
810.0,963.0,443.0,961.0,792.0,542.0,452.0,1046.0,568.0,970.0,68.4,64.08,85.42
844.0,982.0,435.0,1019.0,897.0,615.0,474.0,1075.0,667.0,994.0,76.0,66.03,91.85
830.0,945.0,479.0,991.0,809.0,562.0,483.0,1029.0,670.0,970.0,70.6,66.0,91.0
838.0,899.0,485.0,1006.0,867.0,578.0,470.0,1106.0,646.0,922.0,77.3,66.08,91.38
918.0,989.0,467.0,1008.0,795.0,565.0,461.0,1006.0,619.0,994.0,77.5,68.31,83.89
776.0,827.0,438.0,914.0,771.0,499.0,410.0,952.0,621.0,858.0,58.2,64.0,75.0
935.0,954.0,490.0,978.0,755.0,557.0,480.0,982.0,635.0,987.0,74.1,70.0,80.0
941.0,1043.0,514.0,1010.0,857.0,629.0,483.0,1074.0,644.0,1064.0,86.1,74.41,105.72
1045.0,1183.0,540.0,1120.0,829.0,659.0,483.0,1058.0,643.0,1156.0,108.4,71.26,94.95
877.0,941.0,485.0,1026.0,753.0,581.0,423.0,943.0,580.0,965.0,76.6,66.0,80.0
940.0,1035.0,512.0,956.0,809.0,555.0,468.0,1080.0,627.0,1025.0,80.4,67.55,88.26
877.0,961.0,450.0,962.0,857.0,568.0,468.0,1078.0,645.0,977.0,85.7,71.98,87.85
860.0,1029.0,485.0,1033.0,845.0,612.0,488.0,1076.0,641.0,1068.0,85.0,77.83,91.16
809.0,866.0,465.0,920.0,845.0,529.0,408.0,1025.0,660.0,896.0,66.7,76.0,76.0
830.0,941.0,459.0,1013.0,786.0,608.0,440.0,1009.0,627.0,967.0,74.8,64.0,75.0
924.0,1040.0,477.0,952.0,818.0,532.0,448.0,1050.0,588.0,1053.0,77.5,74.07,88.98
746.0,909.0,452.0,1041.0,802.0,569.0,419.0,1058.0,621.0,884.0,64.4,69.57,83.81
937.0,1009.0,469.0,1037.0,765.0,573.0,477.0,1005.0,615.0,1019.0,76.4,68.0,81.0
790.0,980.0,465.0,947.0,820.0,565.0,465.0,1008.0,636.0,1015.0,69.7,68.0,86.0
1039.0,1110.0,525.0,1127.0,787.0,682.0,482.0,985.0,609.0,1110.0,99.5,81.86,99.23
812.0,925.0,455.0,917.0,797.0,536.0,457.0,1010.0,649.0,932.0,69.6,74.0,90.0
932.0,1112.0,508.0,1057.0,925.0,609.0,489.0,1168.0,688.0,1073.0,93.8,74.66,93.12
813.0,908.0,466.0,974.0,835.0,555.0,471.0,1082.0,637.0,936.0,69.5,82.14,98.63
1046.0,1107.0,522.0,1084.0,701.0,637.0,493.0,921.0,585.0,1126.0,95.0,66.37,87.83
926.0,1034.0,478.0,1055.0,799.0,611.0,464.0,1051.0,640.0,1030.0,83.8,70.0,84.0
808.0,972.0,483.0,1040.0,847.0,630.0,494.0,1063.0,634.0,1015.0,79.5,75.53,79.5
882.0,970.0,471.0,965.0,826.0,552.0,473.0,1024.0,635.0,993.0,77.8,67.65,93.21
952.0,1079.0,507.0,1126.0,855.0,674.0,517.0,1027.0,654.0,1072.0,95.5,68.66,99.51
765.0,925.0,431.0,975.0,774.0,565.0,460.0,1003.0,606.0,939.0,67.3,70.0,84.0
943.0,1050.0,511.0,960.0,760.0,552.0,460.0,1021.0,608.0,1012.0,79.9,63.1,90.01
752.0,840.0,460.0,908.0,866.0,518.0,418.0,1065.0,619.0,837.0,63.4,75.24,97.07
814.0,946.0,475.0,1003.0,837.0,554.0,444.0,1031.0,601.0,919.0,70.8,68.0,80.0
1082.0,1195.0,496.0,1065.0,770.0,602.0,540.0,1005.0,617.0,1156.0,98.8,67.58,83.49
727.0,804.0,407.0,843.0,843.0,453.0,408.0,1055.0,612.0,832.0,50.0,58.48,75.04
786.0,900.0,460.0,947.0,795.0,568.0,475.0,1017.0,628.0,963.0,66.6,59.0,75.0
798.0,922.0,449.0,980.0,877.0,547.0,476.0,1135.0,643.0,956.0,74.7,63.26,91.16
865.0,1012.0,466.0,997.0,715.0,576.0,485.0,923.0,621.0,1026.0,71.9,67.0,78.0
866.0,956.0,465.0,910.0,817.0,520.0,461.0,1041.0,654.0,944.0,67.7,66.0,83.0
896.0,1011.0,502.0,1057.0,886.0,609.0,493.0,1143.0,699.0,1039.0,85.1,64.04,96.8
1066.0,1129.0,559.0,1134.0,853.0,645.0,521.0,1136.0,682.0,1151.0,107.0,82.32,103.16
912.0,962.0,473.0,1074.0,866.0,622.0,455.0,1103.0,655.0,962.0,83.6,66.07,84.51
954.0,1059.0,470.0,1016.0,825.0,546.0,469.0,1032.0,631.0,1042.0,82.6,65.11,78.91
816.0,995.0,473.0,946.0,746.0,560.0,492.0,963.0,596.0,1012.0,72.1,66.0,81.0
742.0,855.0,462.0,942.0,779.0,544.0,425.0,964.0,615.0,890.0,61.1,68.0,78.0
792.0,888.0,478.0,918.0,908.0,529.0,439.0,1108.0,670.0,910.0,67.6,67.32,86.9
782.0,930.0,465.0,966.0,770.0,550.0,487.0,1001.0,667.0,955.0,68.5,67.0,76.0
915.0,943.0,493.0,974.0,780.0,574.0,476.0,977.0,624.0,992.0,71.0,72.51,89.35
955.0,1000.0,482.0,1064.0,859.0,624.0,481.0,1085.0,688.0,1010.0,90.0,82.66,94.35
935.0,967.0,462.0,1015.0,912.0,559.0,466.0,1120.0,664.0,980.0,83.0,76.09,85.67
1052.0,1089.0,524.0,1016.0,844.0,563.0,485.0,1155.0,668.0,1026.0,85.5,67.6,87.42
950.0,1016.0,478.0,980.0,908.0,530.0,472.0,1105.0,638.0,1011.0,84.3,68.41,83.21
907.0,1010.0,480.0,1091.0,824.0,660.0,498.0,1052.0,663.0,1010.0,87.4,71.0,96.0
870.0,869.0,409.0,991.0,831.0,517.0,411.0,1029.0,601.0,892.0,67.0,77.38,99.55
807.0,918.0,465.0,979.0,851.0,561.0,435.0,1058.0,610.0,926.0,69.2,71.9,82.12
970.0,1021.0,495.0,1090.0,824.0,644.0,458.0,1057.0,641.0,1008.0,87.6,68.76,87.7
835.0,910.0,450.0,960.0,726.0,523.0,460.0,955.0,600.0,951.0,64.0,62.0,78.0
788.0,965.0,449.0,943.0,778.0,577.0,444.0,966.0,644.0,961.0,65.5,61.0,77.0
805.0,884.0,476.0,947.0,780.0,576.0,451.0,995.0,602.0,927.0,65.2,60.0,78.0
886.0,992.0,479.0,994.0,776.0,559.0,466.0,1011.0,625.0,1000.0,77.2,78.0,89.0
927.0,966.0,513.0,1000.0,814.0,505.0,439.0,1102.0,616.0,956.0,75.0,75.0,88.21
967.0,1083.0,576.0,1090.0,813.0,621.0,467.0,1001.0,563.0,1081.0,96.3,92.45,93.85
1028.0,1166.0,515.0,1057.0,802.0,619.0,494.0,1055.0,666.0,1144.0,92.3,68.0,81.0
1031.0,1063.0,474.0,1144.0,866.0,598.0,479.0,1109.0,602.0,1051.0,95.6,67.73,86.02
826.0,930.0,460.0,990.0,722.0,565.0,459.0,936.0,596.0,944.0,71.3,60.0,77.0
933.0,1027.0,499.0,1013.0,822.0,582.0,447.0,1026.0,611.0,1027.0,78.5,70.83,90.56
768.0,915.0,485.0,920.0,821.0,515.0,464.0,1026.0,650.0,949.0,64.5,74.0,82.0
900.0,1054.0,488.0,993.0,887.0,557.0,427.0,1120.0,687.0,1011.0,82.4,74.68,92.61
810.0,924.0,453.0,1019.0,786.0,583.0,476.0,1038.0,609.0,935.0,72.0,66.0,83.0
1117.0,1154.0,538.0,1184.0,855.0,689.0,492.0,1095.0,673.0,1176.0,115.9,75.48,90.62
813.0,954.0,451.0,1015.0,810.0,575.0,419.0,1025.0,633.0,945.0,72.3,64.0,84.0
826.0,965.0,490.0,930.0,794.0,556.0,427.0,995.0,620.0,967.0,71.5,68.0,85.0
851.0,963.0,512.0,1089.0,809.0,628.0,506.0,1024.0,640.0,1033.0,86.7,74.84,96.09
754.0,797.0,436.0,811.0,769.0,449.0,378.0,935.0,584.0,794.0,47.3,63.0,70.0
891.0,978.0,464.0,1070.0,839.0,584.0,455.0,1068.0,641.0,984.0,77.9,66.83,81.04
842.0,935.0,466.0,1004.0,801.0,570.0,458.0,1014.0,616.0,1000.0,71.3,78.0,77.0
846.0,940.0,462.0,1027.0,820.0,594.0,434.0,998.0,611.0,967.0,75.2,78.0,84.0
929.0,992.0,490.0,1000.0,876.0,586.0,445.0,1083.0,637.0,991.0,81.4,69.79,84.54
841.0,1014.0,465.0,997.0,784.0,619.0,499.0,998.0,652.0,1071.0,80.5,73.0,75.0
757.0,835.0,430.0,890.0,845.0,495.0,427.0,1056.0,620.0,832.0,50.2,66.0,73.0
1419.0,1301.0,606.0,1255.0,831.0,695.0,544.0,1147.0,695.0,1194.0,146.6,75.64,100.53
878.0,981.0,500.0,1046.0,788.0,633.0,482.0,985.0,602.0,987.0,78.5,74.0,76.0
791.0,921.0,485.0,972.0,723.0,543.0,452.0,943.0,624.0,940.0,63.5,70.0,76.0
796.0,927.0,478.0,1008.0,829.0,588.0,477.0,1033.0,632.0,973.0,79.6,67.23,91.46
1016.0,1185.0,521.0,1095.0,823.0,650.0,517.0,1086.0,626.0,1222.0,95.7,70.0,79.0
930.0,1008.0,490.0,1063.0,847.0,610.0,471.0,1062.0,672.0,1012.0,88.2,77.45,100.09
903.0,1018.0,490.0,993.0,782.0,562.0,465.0,1017.0,622.0,1046.0,80.9,69.82,80.58
912.0,1069.0,522.0,1045.0,819.0,593.0,511.0,1058.0,437.0,1069.0,90.0,75.8,112.91
790.0,815.0,448.0,902.0,743.0,505.0,443.0,925.0,628.0,870.0,56.9,70.0,81.0
1015.0,1127.0,517.0,1050.0,757.0,589.0,488.0,949.0,608.0,1105.0,100.7,65.47,86.56
978.0,1062.0,496.0,1040.0,886.0,605.0,490.0,1133.0,717.0,1091.0,89.9,82.7,106.32
905.0,972.0,475.0,1076.0,833.0,636.0,475.0,1018.0,618.0,1011.0,85.4,71.09,96.18
1058.0,1053.0,480.0,1078.0,855.0,650.0,479.0,1099.0,671.0,1050.0,98.1,75.02,97.49
820.0,950.0,481.0,996.0,734.0,599.0,472.0,930.0,606.0,1022.0,72.1,66.0,77.0
1075.0,1227.0,598.0,1227.0,810.0,738.0,582.0,1004.0,676.0,1165.0,123.7,75.46,100.85
850.0,929.0,449.0,963.0,816.0,556.0,445.0,1004.0,637.0,961.0,67.8,68.64,88.0
990.0,1065.0,486.0,1160.0,714.0,660.0,503.0,915.0,665.0,1052.0,89.5,69.0,88.0
950.0,992.0,523.0,998.0,861.0,564.0,460.0,1058.0,662.0,1007.0,83.8,74.42,90.32
782.0,915.0,447.0,970.0,860.0,525.0,436.0,1147.0,638.0,916.0,68.8,76.99,94.79
849.0,946.0,497.0,1051.0,977.0,570.0,496.0,1205.0,691.0,1012.0,87.4,81.5,111.71
